အမျိုးအစား,ချို့တဲ့ချက် / ချို့သောအကြောင်းအရာ,အခွင့်အရေးပေးသည့်ဥပဒေ,သင်၏အခွင့်အရေးများကို သိရှိပါ,ချိုးဖောက်မှုလက္ခဏာများကို မည်သို့သိနိုင်မလဲ,ကိုယ်တိုင်ကယ်နိုင်သောနည်းလမ်းများ,ကိုးကားသည့်ဥပဒေ,မှတ်ချက်
အထောက်ထားတွေနဲ့ ခရီးသွားလာခြင်း,တရားဝင်စတင်လုပ်ကိုင်ပါ,"နိုင်ငံခြားသားတွေ ထိုင်းနိုင်ငံကို ဝင်ရောက်တာ၊ ထွက်ခွာတာ၊ နေထိုင်တာတွေကို ကြီးကြပ်စီမံတဲ့ဥပဒေက လူဝင်မှုကြီးကြပ်ရေးအက်ဥပဒေ ထိုင်းနှစ် ၂၅၂၂(၁၉၇၉) ဖြစ်ပါတယ်။ ဒီဥပဒေကို အရင်ကတည်းကသုံးခဲ့ကြတဲ့ ဥပဒေဟောင်းကို ခေတ်နဲ့ညီအောင်၊ နိုင်ငံခြားသားအဝင်ထွက်များတဲ့ အခုလက်ရှိအခြေအနေနဲ့ ကိုက်ညီအောင်ပြင်ဆင်ရေးဆွဲထားတာ ဖြစ်ပါတယ်။ ဥပဒေရဲ့အဓိကရည်ရွယ်ချက်က နိုင်ငံတော်လုံခြုံရေးနဲ့ ပြည်သူလူထုအေးချမ်းသာယာမှု ကို ထိန်းသိမ်းဖို့ ဖြစ်ပါတယ်။ 
ဒီဥပဒေမှာ နိုင်ငံထဲကိုဝင်လာမယ့်လူတွေမှာရှိရမယ့် အရည်ချင်း၊ လိုက်နာရမယ့်တားမြစ်ချက်၊ အဝင်ထွက်စောင့်ကြည့်မှုနဲ့ ဥပဒေချိုးဖောက်ရင် ကျခံရမယ့်ပြစ်ဒဏ်တွေ စသဖြင့် အလုံးစုံးလွှမ်းခြုံပါဝင်ပါတယ်။ ပြည်ထဲရေးဝန်ကြီးက ဥပဒေကို ဦးဆောင်အကောင်ထည်ဖော်ဖို့ တာဝန်ရှိပါတယ်။ လူဝင်မှုကြီးကြပ်စီစစ်ရေးကော်မတီက ယာယီနေခွင့်ပြုတာ ဒါမှမဟုတ် နေထိုင်ခွင့် ရုတ်သိမ်းတာစတဲ့ ဥပဒေပါတာဝန်တွေကိုထမ်းဆောင်ပါတယ်။ လူဝင်မှုကြီးကြပ်ရေးရုံး(‌သောမောရုံး) က ဒီဥပဒေကို လက်တွေ့ကျင့်သုံးဖော်ဆောင်ရတဲ့ အဓိကဌာနဖြစ်ပါတယ်။","• ယာယီနေထိုင်ခွင့် (ပတ်စ်ပို့ဗီဇာ) လျှောက်ထားနိုင်သည့် အခွင့်အရေး
◦ နိုင်ငံခြားသားများသည် သတ်မှတ်ထားသော ရည်ရွယ်ချက်များအလိုက် ထိုင်းနိုင်ငံအတွင်း ယာယီနေထိုင်ခွင့် ရရှိနိုင်သည် (ဥပမာ - သံတမန်ရေးရာတာဝန်၊ အစိုးရကိစ္စရပ်များ၊ ခရီးသွားလာရေး၊ အားကစား၊ စီးပွားရေး၊ ရင်းနှီးမြှုပ်နှံမှု၊ ပညာရေး သို့မဟုတ် သတင်းမီဒီယာတာဝန်များ)
◦ နေထိုင်ခွင့်ပြုသည့် သက်တမ်းကာလကို နိုင်ငံအတွင်းသို့ ဝင်ရောက်လာသည့် ရည်ရွယ်ချက်အပေါ် မူတည်၍ သတ်မှတ်မည်ဖြစ်သည်
• အလုပ်လုပ်ကိုင်ခွင့် အခွင့်အရေး
◦ ယာယီနေထိုင်ခွင့် ရရှိထားသော်လည်း ညွှန်ကြားရေးမှူးချုပ် သို့မဟုတ် တာဝန်ရှိသူ၏ ခွင့်ပြုချက်မရှိဘဲ မည်သည့်အသက်မွေးဝမ်းကျောင်းလုပ်ငန်း သို့မဟုတ် အခကြေးငွေယူသည့် အလုပ်ကိုမျှ လုပ်ကိုင်ခွင့်မရှိပါ
◦ ခွင့်ပြုချက်ရရှိပါကလည်း နိုင်ငံခြားသားအလုပ်သမားလုပ်ငန်းခွင်ဆိုင်ရာ ဥပဒေများနှင့်အညီ ဖြစ်ရမည်
• အယူခံဝင်နိုင်သည့် အခွင့်အရေး
◦ အမြဲတမ်းနေထိုင်ခွင့် လျှောက်ထားမှု ငြင်းပယ်ခံရလျှင်သော်လည်းကောင်း၊ ယာယီနေထိုင်ခွင့် ရုတ်သိမ်းခံရလျှင်သော်လည်းကောင်း လူဝင်မှုကြီးကြပ်ရေးကော်မတီသို့ အယူခံဝင်ပိုင်ခွင့်ရှိသည်
◦ အကယ်၍ ပြည်နှင်ဒဏ်ပေးရန် အမိန့်ချမှတ်ခံရပါက ဝန်ကြီးထံသို့ အယူခံဝင်ပိုင်ခွင့်ရှိသည်
• ထိန်းသိမ်းခံရစဉ် သို့မဟုတ် အချုပ်ကျနေစဉ် ရရှိမည့် အခွင့်အရေးများ
◦ ဝင်ရောက်ခွင့်မရှိသည့် တားမြစ်ချက်များရှိနေခြင်း သို့မဟုတ် ခွင့်ပြုချက်မရှိဘဲ ဝင်ရောက်လာခြင်းဖြစ်ပါက တာဝန်ရှိသူသည် လျှောက်လွှာတင်စေပြီး အမိန့်ကို လာရောက်နားထောင်ရန် ရက်ချိန်းနှင့် နေရာသတ်မှတ်၍ ယာယီနေထိုင်ခွင့် ပေးနိုင်သည်
◦ အကယ်၍ တာဝန်ရှိသူသည် နိုင်ငံခြားသားအား သတ်မှတ်ချိန်ထက်ပို၍ ထိန်းသိမ်းလိုပါက တရားရုံးသို့ သက်တမ်းတိုးခွင့် လျှောက်ထားရမည်
◦ တရားရုံးသည် အာမခံ သို့မဟုတ် အာမခံပစ္စည်း တောင်းခံ၍ ယာယီပြန်လွှတ်ပေးရန် အမိန့်ချမှတ်နိုင်သည်
• မိသားစုနှင့်အတူ လိုက်ပါနေထိုင်ခွင့် အခွင့်အရေး
◦ ထိုင်းနိုင်ငံသားဖြစ်သော အုပ်ထိန်းသူ၊ လင်မယား သို့မဟုတ် သားသမီး ရှိသည့် နိုင်ငံခြားသားများသာလျှင် ထိုင်းနိုင်ငံတွင် မိသားစုနှင့်အတူ လိုက်ပါနေထိုင်ခွင့် လျှောက်ထားနိုင်သည်","• အလုပ်ရှင်က အထောက်အထားစာရွက်စာတမ်း အမှန်ကိုင်ထားသော်လည်း သတင်းပို့ရန်မလိုဘဲ ၎င်းတို့က ""ညှိနှိုင်းပေးမည်"" ဟုဆိုကာ လစဉ်ကြေးကောက်ခံခြင်း (အထောက်အထားအပြည့်အစုံရှိပါက ဥပဒေနှင့်အညီ ကိုယ်တိုင်သတင်းပို့နိုင်သည်)
• အလုပ်ပြောင်းရွှေ့လိုပါက ဥပဒေနှင့်အညီ စနစ်တကျ ပြောင်းရွှေ့ရမည်ဖြစ်ပြီး အထောက်အထားမရှိဘဲ သွားရောက်လုပ်ကိုင်ပါက ဥပဒေချိုးဖောက်ရာ ရောက်နိုင်သည်
• အလုပ်ရှင်ပြောင်းလဲရန်၊ အလုပ်မှထွက်ရန်နှင့် လုပ်ငန်းခွင်ပြင်ပသို့ သွားလာရန် လွတ်လပ်ခွင့်ရှိသည်
• အလုပ်ရှင်သည် အလုပ်သမား၏ မူရင်းအထောက်အထားများကို သိမ်းဆည်းခွင့်မရှိဘဲ အများဆုံး မိတ္တူကူးယူရုံသာ ခွင့်ပြုထားသည်
• တာဝန်ရှိသူများ၏ လုပ်ဆောင်ချက်သည် လုပ်ထုံးလုပ်နည်းနှင့်မညီခြင်း သို့မဟုတ် အထောက်အထားမခိုင်လုံဘဲ စွပ်စွဲခြင်းခံရပါက လူဝင်မှုကြီးကြပ်ရေးဆိုင်ရာ အခွင့်အရေး ချိုးဖောက်ခံရခြင်းဖြစ်နိုင်သည်
• မတရားသော နည်းလမ်းဖြင့် တားမြစ်ပိတ်ပင်သည့် လက္ခဏာရှိသည်ဟု စွပ်စွဲခံရခြင်း
   ◦ ဥပဒေအရ တားမြစ်ချက်များကို ရှင်းလင်းစွာ ဖော်ပြထားပြီးဖြစ်သည် (ဥပမာ- ခရီးသွားလာခွင့် အထောက်အထားမရှိခြင်း၊ ခွင့်ပြုချက်မရှိဘဲ အလုပ်ကြမ်းဝင်ရောက်လုပ်ကိုင်ခြင်း၊ လူမှုပတ်ဝန်းကျင်နှင့် လုံခြုံရေးကို ဘေးဖြစ်စေခြင်း၊ ထောင်ဒဏ်ကျခံဖူးခြင်း သို့မဟုတ် သတ်မှတ်ထားသော ရောဂါရှိခြင်း)
   ◦ သင့်တွင် အထောက်အထားပြည့်စုံပြီး အထက်ပါအချက်များနှင့် ငြိစွန်းခြင်းမရှိဘဲ စွပ်စွဲခံရပါက မတရားသော လုပ်ရပ်ဟု သတ်မှတ်နိုင်သည်
• သတ်မှတ်ချိန်ထက် ကျော်လွန်၍ ထိန်းသိမ်းခံရခြင်း
  ◦ ပုဒ်မ ၂၅ အရ ဖမ်းဆီးထိန်းသိမ်းခံရသည့် နိုင်ငံခြားသားများကို တာဝန်ရှိသူများက ထိန်းသိမ်းခွင့်အာဏာရှိသည်
  ◦ သို့သော် ဥပဒေက သတ်မှတ်ထားသော ကာလထက်ကျော်လွန်၍ (ပုံမှန်အားဖြင့် ကန့်သတ်ချက်ရှိသည်) တရားရုံးသို့ သက်တမ်းတိုးလျှောက်ထားခြင်းမရှိဘဲ ဆက်လက်ထိန်းသိမ်းထားခြင်းသည် အခွင့်အရေး ချိုးဖောက်မှုဖြစ်သည်
• လုပ်ကိုင်ခွင့်ရှိပါလျက် အလုပ်လုပ်ခြင်းကို တားမြစ်ခံရခြင်း
  ◦ ယာယီနေထိုင်ခွင့်ရရှိထားသော နိုင်ငံခြားသားများသည် ညွှန်ကြားရေးမှူးချုပ် သို့မဟုတ် တာဝန်ရှိသူ၏ ခွင့်ပြုချက်ရရှိပါက နိုင်ငံခြားသားအလုပ်သမားဥပဒေနှင့်အညီ အသက်မွေးဝမ်းကျောင်းပြုခွင့် သို့မဟုတ် အလုပ်လုပ်ကိုင်ခွင့်ရှိသည်
  ◦ အကယ်၍ သင့်တွင် တရားဝင်ခွင့်ပြုချက်ရှိသော်လည်း အလုပ်လုပ်ခြင်းကို နှောင့်ယှက်တားဆီးခံရပါက စုံစမ်းစစ်ဆေးရမည့် ကိစ္စဖြစ်သည်
• အယူခံဝင်ခွင့်အား အသိပေးခြင်းမရှိခြင်း
  ◦ အကယ်၍ သင်၏ ယာယီနေထိုင်ခွင့် ရုတ်သိမ်းခံရပါက ကော်မတီသို့ အယူခံဝင်ခွင့်ရှိကြောင်း သင့်အား အသိပေးရမည်ဖြစ်သည်
  ◦ အကယ်၍ အယူခံဝင်ခွင့် သို့မဟုတ် အယူခံဝင်ခြင်းဆိုင်ရာ လုပ်ငန်းစဉ်များကို အသိပေးခြင်းမရှိဘဲ အမိန့်ချမှတ်ခံရပါက ၎င်းသည် လုပ်ထုံးလုပ်နည်းဆိုင်ရာ လစ်ဟင်းမှုဖြစ်နိုင်သည်","• အလုပ်ရှင်က ကိုယ့်ရဲ့အထောက်အထားတွေကို သိမ်းယူထားတယ်ဆိုရင်
  ◦ ရာဇဝတ်မှုနဲ့တရားစွဲဖို့ ရဲစခန်းမှာအမှုဖွင့်ပါ။
  ◦ သက်ဆိုင်ရာခရိုင်အလုပ်သမားဝန်ကြီးဌာနရုံးကိုအကြောင်းကြားပါ။
  ◦ အလုပ်သမားကာကွယ်ရေးကွန်ရက် (LPN)  ကိုဆက်သွယ်ပါ။
• တကယ်လို့အထောက်ထားတွေပျောက်သွားတယ်ဆိုရင်
  ◦ ယာယီနိုင်ငံကူးလက်မှတ်အစားထိုးသုံးဖို့ ရဲစခန်းမှာပျောက်ဆုံးကြောင်းတိုင်ကြားပြီး ပျောက်ဆုံးကြောင်းထောက်ခံစာယူထားပါ။
  ◦ ရဲစခန်းကပျောက်ဆုံးကြောင်းထောက်ခံစာရလာလို့ရှိရင် အသစ်ထပ်လျှောက်ဖို့ သံရုံးကိုသွားပါ။",https://www.ratchakitcha.soc.go.th/DATA/PDF/2522/A/028/45.PDF,
အထောက်ထားတွေနဲ့ ခရီးသွားလာခြင်း,အထောက်ထားကတ်တွေ၊ နိုင်ငံကူးလက်မှတ်တွေကို ဘယ်လိုသက်တမ်းတိုးရမလဲ,နိုင်ငံခြားသားအလုပ်သမား စီမံခန့်ခွဲမှုအက်ဥပဒေ ထိုင်းနှစ် ၂၅၆၀ (၂၀၁၇) အရ နိုင်ငံခြားသားအလုပ်သမားတွေဟာ အလုပ်လုပ်ခွင့်လက်မှတ် (Work Permit) ရှိရပါမယ်။ လုပ်ခွင့်မရှိတဲ့အလုပ်အမျိုးအစား ၄၀ ရှိပြီး ခွင့်ပြုထားတဲ့အလုပ်အပြင် အခြားအလုပ်တွေလုပ်ခွင့်မရှိပါဘူး။ ဖောက်ဖျက်ကျူးလွန်ရင် ဒဏ်ငွေ့ သို့မဟုတ် ထောင်ဒဏ်ကျခံနိုင်တဲ့အပြင် အလုပ်ခန့်တဲ့အလုပ်ရှင်တွေပါ အပြစ်ရှိပါတယ်။,"• အလုပ်လုပ်ခွင့်လက်မှတ်ရှိရမယ်
    ◦ ကိုယ်လုပ်မယ့်အလုပ်က တားမြစ်ထားတဲ့အလုပ်မဖြစ်ရပါဘူး။ အလုပ်မလုပ်ခင် တာဝန်ရှိသူတွေဆီက အလုပ်လုပ်ခွင့်လက်မှတ်အရင်ရထားရပါမယ်။ အဲ့ဒီလက်မှတ်က ၂နှစ်သက်တမ်းသာရှိရပါမယ်။ 
• အရေးကြီးအထောက်အထားတွေကို အဓမ္မသိမ်းထားခွင့်မရှိဘူး
    ◦ ကိုယ့်ရဲ့အထောက်အထား၊ အလုပ်လုပ်ခွင့်လက်မှတ်စတာတွေကို ဘယ်သူမှ အဓမ္မသိမ်းထားခွင့်မရှိပါဘူး။ ဒီအချက်ကိုချိုးဖောက်တဲ့ဘယ်သူမဆို ထောင်ဒဏ် ဒါမှမဟုတ် အမှုကြီးကြီးတပ်ခံရမှာဖြစ်ပါတယ်။ 
• အခကြေးငွေမတောင်းရ
   ◦ ထိုင်းနိုင်ငံသို့အလုပ်သမားပို့ခွင့်ရတဲ့ အလုပ်ကိုင်ရှာဖွေရေးအေဂျင်စီတွေဟာ အလုပ်ရှာပေးတဲ့ကိစ္စအတွက် ငွေတောင်းတာ၊ ငွေလက်ခံတာတွေလုပ်လို့မရတဲ့အပြင် တခြားကိုယ့်ပစ္စည်းတစ်ခုခုပဲဖြစ်ဖြစ် ဘာမှပေးစရာမလိုပါဘူး။ 
   ◦ ကိုယ့်ကိုအလုပ်ခန့်တဲ့အလုပ်ရှင်ကလည်း အလုပ်ခန့်တဲ့ကိစ္စနဲ့ပတ်သက်ပြီး ငွေကြေး ဒါမှမဟုတ် တခြားဘာတစ်ခုခုမှ တောင်းတာတွေ၊ လက်ခံတာတွေ လုပ်လို့မရပါဘူး။ 
• ခေါင်းပုံဖြတ်ခံရရင် အကူညီတောင်းခွင့်
   ◦ အလုပ်သမားဥပဒေမှာပါတဲ့ကိုယ့်အခွင့်အရေးတွေကို အလုပ်ရှင်ကချိုးဖောက်တယ်ဆိုရင် “ရန်ပုံငွေအဖွဲ့”ဆီက အကူညီရယူခွင့်ရှိပါတယ်။ 
• အာမခံငွေပြန်ထုတ်ခွင့်
   ◦ တကယ်လို့ ကိုယ်က ထိုင်းနှစ် ၂၅၅၁ (၂၀၀၈) ခုနှစ်ဥပဒေဟောင်းအရ အလုပ်သမားရန်ပုံငွေထည့်ဖို့ လစာဖြတ်ခံရပြီး ကိုယ့်စားရိတ်နဲ့ကိုယ် မိခင်နိုင်ငံကိုပြန်မယ်ဆိုရင် ထိုင်းနိုင်ငံကထွက်တဲ့နေ့ကစပြီး ၂ နှစ်အတွင်း အဲ့ဒီငွေတွေကို ပြန်တောင်းပိုင်ခွင့်ရှိပါတယ်။
• နစ်နာကြေးတောင်းခွင့်
  ◦ အလုပ်ရှင် ဒါမှမဟုတ် အလုပ်ရှာပေးတဲ့ကုမ္ပဏီက သူတို့တာဝန်တွေပျက်ကွက်လို ကိုယ်ကထိခိုက်နစ်နာရရင် (ဥပမာ ကိုယ့်ကိုမိခင်နိုင်ငံဆီပြန်မပို့ပေးတာမျိုး) သူတို့ကို သွင်းထားရတဲ့အာမခံငွေထဲက နစ်နာကြေးထုတ်ဖို့အတွက် ဆိုင်ရာတာဝန်ရှိသူ (ညွှန်ချုပ်) ဆီမှာ အရေးဆိုတင်သွင်းနိုင်ပါတယ်။ 
• အခြေအနေအရ အလုပ်ပြောင်းရွေ့နိုင်မှု
  ◦ တကယ်လို့အလုပ်ရှင်က အကြောင်းပြချက်မရေရာဘဲ အလုပ်ထုတ်တာ၊ အလုပ်ရှင်ကအလုပ်ကိုဆက်မလုပ်နိုင်တော့တာ ဒါမှမဟုတ် အလုပ်ခန့်စာချုပ်ကိုအလုပ်ရှင်ကိုယ်တိုင်ချိုးဖောက်တာတွေဖြစ်လို့ ကိုယ်ကအလုပ်ထွက်လိုက်တယ်ဆိုရင် အလုပ်အသစ်ကိုပြောင်းလုပ်နိုင်ပါတယ်။ ဒါပေမဲ့ အလုပ်ဟောင်းကနေထွက်ပြီး ၁၅ရက်အတွင်း အလုပ်အသစ်မှာဝင်လုပ်ရပါမယ်။","• အလုပ်လုပ်ခွင့်လက်မှတ် ရှိကိုရှိရပါမယ်
    ◦ အလုပ်ရှင် ဒါမှမဟုတ် သက်ဆိုင်ရာတစ်စုံတစ်ယောက်က ကိုယ့်ရဲ့ အလုပ်လုပ်ခွင့်လက်မှတ်၊ အရေးကြီးတဲ့ ကိုယ်ရေးကိုယ်တာအထောက်ထားတွေကို အဓမ္မသိမ်းထားမယ်ဆိုရင် 
    ◦၆လထက်မပိုတဲ့ထောင်ဒဏ် ဒါမှမဟုတ် ဘတ် ၁၀၀,၀၀၀ ထက်မပိုတဲ့ဒဏ်ငွေ ဒါမှမဟုတ် ပြစ်ဒဏ်နှစ်ရပ်လုံး ကျခံရမှာပါ။
• ဥပဒေမဲ့ ငွေတောင်းခံရရင်
   ◦ အလုပ်ရှင် ဒါမှမဟုတ် အလုပ်ရှာပေးတဲ့ကုမ္ပဏီက ကိုယ့်ဆီကနေ ငွေကြေး ဒါမှမဟုတ် ကိုယ်ပိုင်တဲ့ပစ္စည်းတစ်ခုခုတောင်းတာမျိုးကို ဆိုလိုပါတယ်။ 
ကြီးလေးတဲ့ပြစ်ဒဏ်အနေနဲ့ 
   ◦ ထောင် ၆လကနေ ၁နှစ်ထိ သတ်မှတ်နိုင်ပြီး တောင်းခဲ့တဲ့ငွေပမာဏထက်အဆပေါင်းများစွာ ဒဏ်ငွေတပ်ခံရမှာဖြစ်ပါတယ်။ 
• သတ်မှတ်ချက်နဲ့မညီတဲ့အလုပ်တွေလုပ်ရင်
  ◦ အလုပ်လုပ်ခွင့်လက်မှတ်မှာဖော်ပြတားတဲ့ အလုပ်အမျိုးအစား၊ အလုပ်ရှင်(သူဌေး)၊ လုပ်ငန်းနေရာ ဒါမှမဟုတ် အခြေနေမတူတဲ့ တခြားအလုပ်တွေကို တာဝန်ရှိသူတွေဆီက ခွင့်ပြုချက်မရဘဲလုပ်ခိုင်းခံရရင်
  ◦ ဘတ် ၁၀၀,၀၀၀ ထက်မပိုတဲ့ငွေဒဏ်တပ်ခံရမှာပါ။
• အလုပ်လုပ်ခွင့်လက်မှတ်မရှိဘဲ အလုပ်လုပ်ရင်
   ◦ ကိုယ်ကအလုပ်လုပ်ခွင့်လက်မှတ်မရှိဘဲအလုပ်လုပ်တာ ဒါမှမဟုတ် ဝန်ကြီးဌာနက နိုင်ငံခြားသားတွေလုပ်ခွင့်မပြုတဲ့အလုပ်မျိုးအစားတွေကို လုပ်ကိုင်ရင်             
   ◦ ဘတ် ၁၀၀,၀၀၀ ထက်မပိုတဲ့ ငွေဒဏ်တပ်ခံရပါမယ်။
• အလိမ်ခံရရင်
   ◦ တစ်ယောက်ယောက်က ကိုယ့်ကို အလုပ်ပေးမယ် သို့မဟုတ် အလုပ်ရှာပေးမယ်ပြောပြီး ငွေနဲ့တခြားဟာတွေလိမ်သွားလို့ရှိရင် 
   ◦ လိမ်ခံရတဲ့အလုပ်သမားတစ်ယောက်ကို ဘတ် ၆၀၀,၀၀၀ ဒါမှမဟုတ် ဘတ် ၁,၀၀၀,၀၀၀ထိဖြစ်စေ၊ ထောင်ဒဏ် ၃နှစ်က ၁၀နှစ်ထိဖြစ်စေ ဒဏ်နှစ်ခုလုံးကိုဖြစ်စေ ကျခံရပါမယ်။","• ကိုယ့်ကိုယ်ကိုနဲ့အထောက်အထားတွေကို ဂရုစိုက်မယ်
      ◦ ကိုယ့်အထောက်အထားတွေကို အမြဲဆောင်ထားပါ။ အလုပ်လုပ်ခွင့်လက်မှတ်က အလုပ်လုပ်တဲ့နေရာမှာ ဒါမှမဟုတ် ကိုယ်နဲ့မကွာ ရှိနေရမှာဖြစ်ပြီး တာဝန်ရှိသူတွေစစ်ဆေးရင် ချက်ချင်းထုတ်ပြနိုင်ရပါမယ်။ တကယ်လို့မထုတ်ပြနိုင်ရင် ဘတ် ၁၀,၀၀၀ ထက်မပိုတဲ့ ငွေဒဏ် ချမှတ်ခံရပါမယ်။ 
     ◦ ကိုယ့်ရဲ့အလုပ်လုပ်ခွင့်လက်မှတ် ပျောက်ဆုံး၊ ပျက်စီးတာသိရင် သိသိချင်း ၁၅ရက်အတွင်း လက်မှတ်နောက်တစ်ခုပြန်ရဖို့ မဖြစ်မနေ လျှောက်ထားရမှာ ဖြစ်ပါတယ်။  
     ◦ တကယ်လို့ ကိုယ်ကအလုပ်၊ အလုပ်ရှင်သူဌေး၊ အလုပ်နေရာပြောင်းချင်တယ်ဆိုရင် ကိုယ်လိုချင်တဲ့ အလုပ်၊ အလုပ်ရှင်၊ အလုပ်နေရာ ဒါမှမဟုတ် အလုပ်အခြေအနေမပြောင်းခင်မှာ တာဝန်ရှိသူတွေဆီက ခွင့်ပြုချက်ရရှိဖို့ မဖြစ်မနေလိုအပ်ပါတယ်။
• အခွင့်အရေးရယူခြင်းနဲ့ တရားရင်ဆိုင်ခြင်း
     ◦ အလုပ်ရှင်၊ အလုပ်ကိုင်ရှာဖွေရေးကုမ္ပဏီဆီက အာမခံငွေတောင်းခံခြင်း -  အလုပ်ရှင် ဒါမှမဟုတ် အလုပ်ကိုင်ကုမ္ပဏီတွေက ကိုယ့်ကို မိခင်နိုင်ငံပြန်မပို့တာတွေ နဲ့ တခြားဥပဒေချိုးဖောက် တာတွေလုပ်လာလို့ရှိရင် ကိုယ်ထည့်ထားတဲ့ အာမခံငွေတွေထဲက နစ်နာကြေးထုတ်ပေးဖို့အတွက် သက်ဆိုင်ရာတာဝန်ရှိသူ(ညွှန်ချုပ်) ဆီမှာ လျှောက်ထားလို့ရပါတယ်။ 
     ◦ ပြန်စိစစ်ပေးဖို့လျှောက်ထားပါ (အယူခံဝင်ခြင်း) - တကယ်လို့ လဝကအရာရှိက ကိုယ့်ရဲ့အလုပ်လုပ်ခွင့်လက်မှတ်ကို မတရားအမိန့်ပေး ပယ်ချတာ၊ ပယ်ဖျက်တာတွေလုပ်ခဲ့ရင် အမိန့်ရတဲ့နေ့ကစပြီး ရက် ၃၀ အတွင်း ဝန်ကြီးဆီမှာအယူခံတင်ခွင့်ရှိပါတယ်။ ဝန်ကြီးရဲ့ဆုံးဖြတ်ချက်က အတည်ဖြစ်ပါတယ်။ 
     ◦ အလုပ်သမားတရားရုံးကိုသုံးပါ - ကိုယ်ရယ်၊ သူဌေးရယ်၊ အလုပ်ကိုင်ကုမ္ပဏီရယ်ကြားက အခွင့်အရေး၊ တာဝန်နဲ့ ဆက်ဆံရေးဆိုင်ရာ ဘယ်အငြင်းပွားမှုမျိုးမဆို အလုပ်သမားရေးရာတရားရုံးရဲ့ 
     ◦ တကယ်လို့ လူကုန်ကူးခံရရင် - အလုပ်လုပ်ခွင့်လက်မှတ်မရှိဘဲအလုပ်လုပ်လို့  ပြစ်ဒဏ်ကျခံရနိုင်ပေမဲ့ လူကုန်ကူးသားကောင်ဖြစ်ခံရတဲ့နိုင်ငံခြားသားတွေအပေါ် ပြစ်ဒဏ်ကင်းလွတ်ခွင့်ရှိပါတယ်။ ဒါ့ကြောင့် လူကုန်ကူးမှုတားဆီးနှိမ်နင်းရေးဥပဒေအရ အကူညီတောင်းသင့်ပါတယ်။
• ဒီကိစ္စတွေနဲ့ပတ်သက်လို့အကူညီတောင်းချင်ရင် အလုပ်သမားကာကွယ်ရေးကွန်ရက်ဖောင်ဒေးရှင်းရုံး (LPN) ကိုဆက်သွယ်ပါ။",https://www.ratchakitcha.soc.go.th/DATA/PDF/2560/A/065/1.PDF,
အထောက်ထားတွေနဲ့ ခရီးသွားလာခြင်း,လူလိမ်တွေ၊ တရားမဝင်ပွဲစားတွေကို သတိပြုပါ,"လူကုန်ကူးမှုကာကွယ်နှိမ်နင်းရေးဥပဒေ ထိုင်းနှစ် ၂၅၆၀ (ပြင်ဆင်ချက် ၃) အရ “တစ်စုံတစ်ယောက်ကို အသယ်အပို့” ရွေ့ပြောင်းတာက လူကုန်ကူးမှုမြောက်စေတဲ့ အဓိကအချက်ဖြစ်ပါတယ်။
ပြီးတော့ လူကုန်ကူးတယ်ဆိုတာ ပုဒ်မ၆ပါ ပြဌာန်းချက်အရ အောက်လမ်းနည်းနဲ့ အကျိုးမြတ်ရှာဖို့ရည်ရွယ်ပြီး အဓမ္မခိုင်းစေတာ၊ ခြိမ်းခြောက်တာ၊ လှည့်ဖြားလိမ်ညာတာ စတဲ့နည်းတွေနဲ့ လူတွေကို အသယ်အပို့ ရွေ့ပြောင်းတာကို ဆိုလိုပါတယ်။","• ခရီးသွားလာရင် တရားဝင်အထိုင်ချထားတဲ့နယ်စပ်ဂိတ်တွေကနေတဆင့်ဝင်ဖို့ သဘောတူထားတဲ့အတိုင်း တရားဝင်လမ်းကြောင်းတွေကဝင်ရမှာဖြစ်ပါတယ်။ မှောင်ခိုလမ်းကြောင်းတွေက ဝင်လို့မရပါဘူး။ 
• ခရီးစရိတ်က  ပေါက်ဈေးအတိုင်းပဲကျသင့်မှာဖြစ်ပါတယ်။ အရမ်းဈေးကြီးတာနဲ့ အပိုစရိတ်တွေထပ်ပေးစရာမရှိပါဘူး။
• ခရီးကြာချိန်နဲ့ သွားမယ့်လမ်းကြောင်းကို ရှင်းရှင်းလင်းလင်းနားလည် သိရှိနေသင့်ပါတယ်။ 
• သဘောတူထားတဲ့အတိုင်း ခရီးအစီစဉ်ကမဟုတ်နေရင် ငြင်းပိုင်ခွင့်ရှိပါတယ်။","• လူကုန်ကူးခံရနိုင်တဲ့အခြေအနေများ
• လမ်းကြောင်းက သဘောတူထားတဲ့အတိုင်းဦးမတည်တဲ့အပြင် ဦးတည်ရာကို ကိုယ်ကမသိရင်
• သွားလာနေချိန်မှာ ဆက်သွယ်ခွင့်ကို အတားမြစ်ခံရရင်
• ဖုန်းနဲ့ အထောက်အထားတွေကို အတင်းသိမ်းယူတာ၊ ဝှက်ထားတာတွေလုပ်ရင်
• တရားဝင်နယ်စပ်လမ်းကြောင်းကို မသုံးရင်.
• ခရီးသွားတာကို ငြင်းလို့မရရင်
• ခြိမ်းခြောက်၊ အင်အားသုံး အတင်းခိုင်းစေ၊ ပြန်ပေးဆွဲ၊ လိမ်လည်လှည့်ဖြား စတဲ့နည်းတွေ သုံးနေရင် 
• လမ်းပြမှာ သေနတ်ပါရင်    
• သွားလာတဲ့နည်းတွေ ခဏခဏပြောင်းလဲနေရင်
• ခရီးသည်တွေကို ဖိအားပေးပုန်းနေခိုင်းပြီး အပြင်ကသော့ပိတ်ထားတာ ဒါမှမဟုတ် အလုံပိတ်နေရာမှာနေရရင်
• ယာဉ်တွေရဲ့လိုင်စင်ပြားတွေမပါရင် ဒါမှမဟုတ် ပုံဖျက်ထားရင်","• ကိုယ့်ကိုခြေရာခံနိုင်ဖို့ ခရီးမသွားခင် ကိုယ့်ရဲ့အချက်အလက်တွေကို ဆွေးမျိုးသားချင်း ဒါမှမဟုတ် မိဘတွေဆီ ပို့ထားလို့ရပါတယ်။.
  ◦ အရေးကြီးအထောက်ထားတွေကို မိတ္တူကူးတာ၊ ဓါတ်ပုံရိုက်တာတွေလုပ်ထားပါ။
  ◦ ကိုယ့်ခရီးစဉ်လမ်းကြောင်းကိုမသွားခင်မှာလေ့လာပါ။
  ◦ လိုင်စင်နံပါတ်ပြားကိုမှတ်ထားပါ။ 
  ◦ လမ်းပြရဲ့ ရုပ်သွင်ပြင်ကိုမှတ်ထားပါ။ ဥပမာ - ကျား/မ။ အသက်။ အရပ်မောင်း၊ မျက်နှာပုံစံ၊ ဆံပင်ကေ၊ မျက်နှာနဲ့ ခန္ဓာပေါ်ကအမှတ်သားတွေ၊ တက်တူး၊ မွေးရာပါအမှတ်၊ အနာရွတ် စသဖြင့်။
• ခရီးစဉ်အတွင်း - 
  ◦ ကားနားတဲ့နေရာ ဒါမှမဟုတ် လမ်းတလျှောက်အရေးပါတဲ့နေရာတွေကို ခြေရာခံဖို့ ဓါတ်ပုံရိုက်ပြီး မိသားစုကိုပို့ပါ။
  ◦ ကိုယ်ရောက်နေတဲ့နေရာကို GPS မြေပုံနဲ့မှတ်ထားပါ။ 
•တကယ်လို့ မသင်္ကာစရာတစ်ခုခုတွေ့လို့ ဆက်သွယ်မယ်ဆိုရန်
  ◦ အလုပ်သမားကာကွယ်ရေးကွန်ရက်ဖောင်ဒေးရှင်းရုံး (LPN)",https://www.ratchakitcha.soc.go.th/DATA/PDF/2562/A/045/T_0001.PDF,
အလုပ်နဲ့ အကျိုးခံစားခွင့်,လစာနဲ့ အချိန်ပိုလုပ်ခကို စစ်ဆေးပါ,အလုပ်သမားကာကွယ်ရေးအက်ဥပဒေ ထိုင်းနှစ် ၂၅၄၁(၁၉၉၈) အရ အလုပ်သမားအခွင့်အရေးဆိုတာဟာ နိုင်ငံသားဖြစ်မှုအပေါ်မူတည်ပြီး ကန့်သတ်ထားတာမဟုတ်ပါဘူး။ ပုဒ်မ၁၅မှာဖွင့်ဆိုထားတဲ့ “အလုပ်သမား”ဆိုတဲ့အဓိပ္ပါယ်က ထိုင်းနိုင်ငံသားဖြစ်ကိုဖြစ်ရမယ်လို့ သတ်မှတ်တာမဟုတ်ဘူး။ ဒါ့ကြောင့်တရားဝင်အလုပ်လုပ်တဲ့ရွေ့ပြောင်းလုပ်သားတွေမှာ ကျား၊ မ မရွေး၊ လူမျိုးမခွဲခြားဘဲ ထိုင်းလုပ်သားတွေရသလို တန်းတူ အကာကွယ်ပေးမှုတွေရရှိမှာဖြစ်ပါတယ်။,"• ဥပဒေအရ ပြဋ္ဌာန်းထားသည့် အနည်းဆုံးလုပ်ခလစာကို မိမိအခြေစိုက်ရာ ခရိုင်အလိုက် ရပိုင်ခွင့်ရှိသည်။ အသေးစိတ်ကို ဤလင့်ခ်တွင် ကြည့်ရှုနိုင်ပါသည် - https://www.mol.go.th/%E0%B8%AD%E0%B8%B1%E0%B8%95%E0%B8%A3%E0%B8%B2%E0%B8%84%E0%B8%B2%E0%B8%88%E0%B9%89%E0%B8%B2%E0%B8%87%E0%B8%82%E0%B8%B1%E0%B9%89%E0%B8%99%E0%B8%95%E0%B9%88%E0%B8%B3
• အချိန်ပိုကြေး (OT) ရပိုင်ခွင့်
◦ ပုံမှန်အလုပ်ချိန် (တစ်ရက် ၈ နာရီ သို့မဟုတ် တစ်ပတ် ၄၈ နာရီ) ထက်ပို၍ အလုပ်လုပ်ရပါက အနည်းဆုံး တစ်နာရီလုပ်ခ၏ ၁.၅ ဆ သို့မဟုတ် ဥပဒေအရ သတ်မှတ်နှုန်းထားအတိုင်း အချိန်ပိုကြေး ရရှိရမည်
• အပတ်စဉ်ပိတ်ရက်နှင့် အစိုးရရုံးပိတ်ရက်များတွင် အလုပ်လုပ်ပါက ရရှိမည့် အကျိုးခံစားခွင့်
◦ ပိတ်ရက်တွင် လုပ်ခလစာ ခံစားခွင့်ရှိသော အလုပ်သမား (ဥပမာ- လခစားဝန်ထမ်း): ပိတ်ရက်တွင် အလုပ်ဆင်းပါက ပုံမှန်လုပ်ခ၏ ၁ ဆ ပိုမိုရရှိမည် (စုစုပေါင်း ၂ ဆ ရရှိမည်)
◦ ပိတ်ရက်တွင် လုပ်ခလစာ ခံစားခွင့်မရှိသော အလုပ်သမား (ဥပမာ- နေ့စားဝန်ထမ်း): ပိတ်ရက်တွင် အလုပ်ဆင်းပါက ပုံမှန်လုပ်ခ၏ ၂ ဆ ထက်မနည်း ရရှိရမည်
◦ ပိတ်ရက်တွင် အချိန်ပို (OT) ဆင်းရပါက: ပုံမှန်အလုပ်ချိန်ထက် ကျော်လွန်သွားသော နာရီများအတွက် ပုံမှန်တစ်နာရီလုပ်ခ၏ ၃ ဆအထိ တိုးမြှင့်ရရှိရမည်
• အလုပ်ထုတ်နစ်နာကြေး (Severance Pay)
◦ အလုပ်ထုတ်နစ်နာကြေးဆိုသည်မှာ အလုပ်ထုတ်ခံရသည့်အခါ အလုပ်ရှင်က အလုပ်သမားအား ပေးချေရမည့် ငွေကြေးဖြစ်သည်။ အလုပ်သက်တမ်းအပေါ် မူတည်၍ နှုန်းထားများ ကွဲပြားပြီး ""နောက်ဆုံးရရှိသည့် လုပ်ခနှုန်းထား"" ကို အလုပ်သက်တမ်းနှင့်အညီ သတ်မှတ်ထားသော ရက်အရေအတွက်ဖြင့် မြှောက်၍ တွက်ချက်သည်
◦ အလုပ်သမားဥပဒေအရ အလုပ်သက်တမ်းအလိုက် ရရှိမည့် နစ်နာကြေးနှုန်းထားများမှာ အောက်ပါအတိုင်းဖြစ်သည် -
▪ အလုပ်သက်တမ်း ၁၂၀ ရက် ရှိသော်လည်း ၁ နှစ်မပြည့်ပါက: နောက်ဆုံးလုပ်ခ၏ ရက် ၃၀ စာနှင့် ညီမျှသောငွေ
▪ အလုပ်သက်တမ်း ၁ နှစ် ရှိသော်လည်း ၃ နှစ်မပြည့်ပါက: နောက်ဆုံးလုပ်ခ၏ ရက် ၉၀ စာနှင့် ညီမျှသောငွေ
▪ အလုပ်သက်တမ်း ၃ နှစ် ရှိသော်လည်း ၆ နှစ်မပြည့်ပါက: နောက်ဆုံးလုပ်ခ၏ ရက် ၁၈၀ စာနှင့် ညီမျှသောငွေ
▪ အလုပ်သက်တမ်း ၆ နှစ် ရှိသော်လည်း ၁၀ နှစ်မပြည့်ပါက: နောက်ဆုံးလုပ်ခ၏ ရက် ၂၄၀ စာနှင့် ညီမျှသောငွေ
▪ အလုပ်သက်တမ်း ၁၀ နှစ် ရှိသော်လည်း ၂၀ နှစ်မပြည့်ပါက: နောက်ဆုံးလုပ်ခ၏ ရက် ၃၀၀ စာနှင့် ညီမျှသောငွေ
▪ အလုပ်သက်တမ်း ၂၀ နှစ်နှင့်အထက် ရှိပါက: နောက်ဆုံးလုပ်ခ၏ ရက် ၄၀၀ စာနှင့် ညီမျှသောငွေ
◦ အလုပ်သမားက နစ်နာကြေး ""မရရှိနိုင်သော"" အခြေအနေများ -
▪ မိမိသဘောဆန္ဒအလျောက် အလုပ်မှနုတ်ထွက်ခြင်း
▪ မရိုးမသားပြုလုပ်ခြင်း (သို့မဟုတ်) ရာဇဝတ်မှု ကျူးလွန်ခြင်း
▪ အလုပ်ရှင်အား ထိခိုက်နစ်နာစေရန် တမင်ရည်ရွယ်၍ လုပ်ဆောင်ခြင်း
▪ ခိုင်လုံသောအကြောင်းပြချက်မရှိဘဲ ၃ ရက်ဆက်တိုက် အလုပ်ပျက်ကွက်ခြင်း
• ကြိုတင်အကြောင်းကြားစာကြေး (Notice Pay)
◦ အလုပ်သမားဥပဒေအရ အလုပ်ရှင်သည် အလုပ်သမားအား သတ်မှတ်ထားသည့်အတိုင်း ကြိုတင်အသိပေးခြင်းမရှိဘဲ အလုပ်ထုတ်ပါက ဤလျော်ကြေးကို ပေးရမည်။ အလုပ်သမားသည် အနည်းဆုံး လစာပေးချေသည့် အပိုင်းအခြား ၁ ကြိမ်စာ (ဥပမာ- လခစားဖြစ်ပါက ၁ လစာ) ကို ရပိုင်ခွင့်ရှိသည်။ အကယ်၍ အလုပ်ရှင်က ရုတ်တရက် အလုပ်ထုတ်ပါက ဥပဒေအရ ဤငွေကို တောင်းဆိုပိုင်ခွင့်ရှိသည်
◦ ကြိုတင်အကြောင်းကြားခြင်းမရှိဘဲ အလုပ်ထုတ်ခံရပါက အစားထိုးလုပ်ခကို ရရှိမည်
◦ အဆိုပါ လျော်ကြေးကို တောင်းဆိုပိုင်ခွင့်ရှိသည်
◦ ချွင်းချက်: အလုပ်သမားသည် တာဝန်ဝတ္တရားအပေါ် မရိုးမသားပြုမူခြင်း သို့မဟုတ် အလုပ်သမားကာကွယ်စောင့်ရှောက်ရေးဥပဒေပါ ပြင်းထန်သော အမှားတစ်ခုခုကို ကျူးလွန်ခြင်းကြောင့် အလုပ်ထုတ်ခံရပါက အလုပ်ရှင်သည် ဤငွေကို ပေးရန်မလိုပါ","• သတ်မှတ်ထားတဲ့အချိန်မှာ လုပ်ခလစာမရတာ
• အလုပ်သမားကိုယ်တိုင်အတည်မပြုနိုင်တဲ့ အလုပ်ခန့်ထားတဲ့သက်သေမရှိတာ
• အလုပ်သမားဥပဒေနဲ့မညီတဲ့ အလုပ်ခန့်စာချုပ်ချုပ်တာ
• ဥပဒေနဲ့မညီဘဲ ပိုက်ဆံဖြတ်တာတွေ 
  ◦ ဥပဒေအရသတ်မှတ်ထားတဲ့ ငွေဖြတ်မှုတွေက - 
     ▪ ဝင်ငွေခွန် 
     ▪ သမဂ္ဂကြေး
  ◦ အလုပ်သမားခွင့်ပြုချက်နဲ့ ဖြတ်တဲ့ငွေတွေက - 
     ▪ ငွေစုငွေချေးသမဂ္ဂ ဒါမှမဟုတ် အဲ့တာနဲ့ဆင်တူနဲ့ သမဝါယမချေးငွေသွင်းရတာ 
     ▪ အလုပ်သမားက တမင်တကာလုပ်တာဖြစ်ဖြစ်၊ အလွန်ပေါ့ဆလို့ဖြစ်တဲ့ ပျက်စီးဆုံးရှုံးတာတွေအတွက် လျော်ကြေးနဲ့ အာမခံကြေးသွင်းရတာ 
     ▪  ထောက်ပံ့ကြေးငွေသွင်းရတာ 
     ▪ အလုပ်သမားကိုယ်တိုင်စာရေးသဘောတူထားတဲ့ အလုပ်ယူနီဖောင်းကြေး၊ စာချုပ်ဖောက်ဖျက်ကြေးတွေ သွင်းရတာ","• အလုပ်ရှင်ဆီမှာ ကိုယ့်လုပ်ခလစာတွေဘာလို့မရလဲဆိုတဲ့ကိစ္စကို စုံစမ်း မေးမြန်းပါ
• လစာထုတ်ပြေစာ၊ အလုပ်ခန့်စာချုပ်၊ လက်ခံပြေစာ၊ စကားပြောထားတဲ့မှတ်တမ်း၊ အချိန်ပိုဆင်းမှတ်တမ်းတွေ ကိုစုထားပါ
• ၁၅၄၆ကိုဖုန်းခေါ်ပြီး ခရိုင်အလုပ်သမားစုံစမ်းစစ်ဆေးရေးအရာရှိနဲ့ တိုင်ပင်ဆွေးနွေးတာ အစီရင်ခံတာတွေလုပ်လို့ရသလို ခရိုင်အလုပ်သမားသက်သာချောင်ချိရေးနဲ့ကာကွယ်ရေးရုံးကို ဆက်သွယ်လို့ရပါတယ်
• ဒါမှမဟုတ် အလုပ်သမားကာကွယ်ရေးဝန်ကြီးဌာနဖုန်းလိုင်း ၁၅၀၆ ကိုဖုန်းခေါ်၊ နံပါတ် ၃ကိုနှိပ်ပြီး ဆက်သွယ်ပါ 
• အချက်လက်တွေကိုအတည်ပြုဖို့နဲ့ တိုင်ကြားဖို့ အလုပ်သမားကာကွယ်ရေးကွန်ရက်ဖောင်ဒေးရှင်း (LPN) ကိုဆက်သွယ်ပါ",https://www.ratchakitcha.soc.go.th/DATA/PDF/2541/A/008/1.PDF ,
အလုပ်နဲ့ အကျိုးခံစားခွင့်,မကျန်းမာရင် ဒါမှမဟုတ် အလုပ်လက်မဲ့ဖြစ်နေတဲ့အခါ ရပိုင်ခွင့်,လူမှုဖူလုံရေးအက်ဥပဒေ ထိုင်းနှစ် ၂၅၃၃ (၁၉၉၀) အရ တရားဝင်အလုပ်လုပ်ကိုင်နေတဲ့ ရွေ့ပြောင်းလုပ်သားတွေမှာလည်း ထိုင်းအလုပ်သမားတွေနဲ့ အခွင့်ရေးတန်းတူရှိပါတယ်။ သူတို့အားလုံး သူတို့လစာရဲ့ ၅% (တစ်လကို ၇၅၀ဘတ်ထက်မပိုဘဲ) ကိုထည့်ဝင်ရမှာဖြစ်ပြီး အလုပ်ရှင်တွေကလည်း တူညီတဲ့ပမာဏကို ထည့်ဝင်ကြရမှာပါ။ အလုပ်ရှင်တွေဟာ အလုပ်သမားတွေကို ရက် ၃၀ အတွင်း မှတ်ပုံတင်ပေးရမယ့်ကိစ္စကို ပျက်ကွက်ရင် ပြစ်မှုမြောက်ပါတယ်။ ဒါ့ပြင် ရွေ့ပြောင်းအလုပ်သမားတစ် ယောက် အလုပ်ခွင်မှာ ဒဏ်ရာရတာ၊ ဖျားနာတာ၊ မသန်စွမ်းဖြစ်သွားတာ၊ သေဆုံးတာဖြစ်ရင် အလုပ်သမားလျော်ကြေးအက်ဥပဒေ ထိုင်းနှစ် ၂၅၃၇ (၁၉၉၄) အောက်မှာရှိတဲ့ အလုပ်သမားလျော်ကြေးရန်ပုံငွေခံစားခွင့်ရရှိမှာဖြစ်ပြီး ဒါကို  အလုပ်ရှင်တစ်ယောက်တည်းက ပေးဆောင်ရမှာဖြစ်ပါတယ်။,"• လူမှုဖူလုံရေးအခွင့်အရေးတွေ
  ◦ အခမဲ့ဆေးကုသခွင့်
  ◦ မီးဖွားစရိတ်နဲ့ မီးဖွားခွင့်ထောက်ပံ့ကြေးရရှိခွင့်
  ◦ မသန်စွမ်းဖြစ်သွားခဲ့ရင် ဝင်ငွေအစားထိုးထောက်ပံ့ကြေးနဲ့ ဆေးကုသစရိတ်ရရှိခွင့်
  ◦ မွေးကင်းစကနေ ၆နှစ်အထိ ကလေးစာရိတ်ထောက်ပံ့ကြေးရရှိခွင့် (အများဆုံး ၃ဦးထိ)
  ◦ ပင်စင်ယူလို့ရှိရင် ငွေလုံးငွေရင်းပင်စင် ဒါမှမဟုတ် လစဉ်ပင်စင်ရရှိခွင့်
  ◦ အလုပ်လက်မဲ့ထောက်ပံ့ကြေးရခွင့်
• အလုပ်သမားလျော်ကြေးရန်ပုံငွေဆိုင်ရာအခွင့်အရေးတွေ
  ◦ အလုပ်လုပ်ရင်းဒဏ်ရာရတာ၊ နေမကောင်းဖြစ်တာတွေအတွက် ဆေးကုသစရိတ်ရခွင့်
  ◦ အလုပ်ခွင်တွင်းဒဏ်ရာ၊ နေမကောင်းဖြစ်တာတွေအတွက် ဝင်ငွေအစားထိုးလျော်ကြေးငွေရခွင့် 
  ◦ ကိုယ်ပိုင်းဆိုင်ရာ ဒါမှမဟုတ် အသက်မွေးဝမ်းကျောင်းနဲ့ဆိုင်တဲ့ ပြန်လည်ထူထောင်ရေးစရိတ်ရခွင့် 
  ◦ အလုပ်ခွင်တွင်းသေဆုံးမှုဖြစ်ခဲ့ရင် နာရေးစရိတ်နဲ့ မိသားစုကိုထောက်ပံ့ကြေးရရှိခွင့်","• အလုပ်ရှင်က လူမှုဖူလုံရေးထည့်ဝင်ဖို့ငြင်းရင်
• လူမှုဖူလုံရေးအတွက် ဘတ် ၇၅၀ ထက်ပိုနုတ်ရင်
• လူမှုဖူလုံရေးနုတ်ထားတာကို ပြေစာမပါဘဲ သို့မဟုတ် လစာဖြတ်ပိုင်းမှာ မပြဘဲ နုတ်ရင်
• အလုပ်ရှင်က လျော်ကြေးရန်ပုံငွေထဲကို ငွေမသွင်းထားရင်","• ကိုယ့်ရဲ့လူမှုဖူလုံရေးအခွင့်ရေးတွေကိုစစ်ပါ
  ◦ စစ်ဆေးရာမှာ SSO Connec သို့မဟုတ် SSO Plus+ application ကတစ်ဆင့် ဝင်ရောက် စစ်ဆေးနိုင်ပါတယ်၊
  ◦ ဝင်တဲ့အခါ application ရဲ့စနစ်က ထိုင်းနိုင်ငံသားကတ်ကို Scan တောင်းနိုင်တဲ့အတွက် နိုင်ငံခြားသားအလုပ်သမားဆိုရင် “Guest” ဆိုတာကို ရွေးပါ
  ◦ အရေးပေါ်ဖုန်းလိုင်း ၁၅၀၆ ကတဆင့်ဆက်သွယ်မယ်ဆိုရင် မြန်မာနဲ့ ကမ္ဘောဒီးယားစကားတတ်တဲ့ တချို့ဝန်ထမ်းတွေရှိနိုင်ပါတယ် 
• ကိုယ့်ရဲ့ လူမှုဖူလုံရေး ဒါမှမဟုတ် လျော်ကြေးရံပုံငွေကို အသုံးပြုခွင့်မရဘူးဆိုရင် - 
  ◦ ဖြစ်ရပ်မှန်ကို စစ်ဆေးပေးဖို့ နဲ့ တိုင်ကြားဖို့အတွက် အလုပ်သမားကာကွယ်ရေးကွန်ရက်ဖောင်ဒေးရှင်း (LPN) ကို ဆက်သွယ်ပါ  
  ◦ ဒေသဆိုင်ရာ လူမှုဖူလုံရေးရုံးကိုဆက်သွယ်ပါ",https://www.ratchakitcha.soc.go.th/DATA/PDF/2533/A/161/1.PDF ; https://www.ratchakitcha.soc.go.th/DATA/PDF/2537/A/028/3.PDF,
အလုပ်နဲ့ အကျိုးခံစားခွင့်,ဘေးကင်းအောင် ဘယ်လိုလုပ်မလဲ,အလုပ်သမားကာကွယ်ရေးအက်ဥပဒေ ထိုင်းနှစ် ၂၅၄၁ (၁၉၉၈) နဲ့ အလုပ်ခွင်ဘေးကင်းရေး၊ ကျန်းမာရေးနဲ့ အလုပ်ခွင်ဝန်းကျင်ဆိုင်ရာ အက်ဥပဒေ ထိုင်းနှစ်၂၅၅၄ (၂၀၁၁) အရ အလုပ်ရှင်ဟာ အလုပ်သမားတွေအတွက် ဘေးကင်းပြီးကျန်းမာရေးနဲ့ညီတဲ့ လုပ်ငန်းသုံးကိရိယာတွေနဲ့ လုပ်ငန်းပတ်ဝန်းကျင်ကို စီစဉ်ပေးဖို့ တာဝန်ရှိပါတယ်။,"• ဘေးကင်းတဲ့အလုပ်ခွင်အခြေအနေရှိခြင်း
  ◦  အလုပ်ရှင်က ဘေးကင်းပြီး ကျန်းမာရေးမထိခိုက်တဲ့ လုပ်ငန်းခွင်နေရာနဲ့ ပတ်ဝန်းကျင်ကို စီစဉ်ဖန်တီးပေးဖို့တာဝန် ရှိပါတယ်။ 
• တစ်ကိုယ်ရေးသုံးကာကွယ်ရေးပစ္စည်း (PPE) တွေ အခမဲ့ရရှိခြင်း
   ◦ အလုပ်ရှင်က အလုပ်သမားတွေကို လုပ်ငန်းခွင်နဲ့သင့်လျော်ပြီး စံချိန်မီတဲ့ လုံခြုံရေးဦးထုပ်၊ ဖိနပ်၊ ကာကွယ်ရေးမျက်မှန်၊ လက်အိတ်၊ ဆူညံသံကာကွယ်ရေးပစ္စည်းနဲ့ ဓါတုပစ္စည်းကာကွယ်ရေးနှာခေါင်းစည်းစတဲ့ PPE ပစ္စည်းတွေ အခမဲ့ပေးရမယ်။
• လုပ်ငန်းခွင်ဘေးကင်းရေးဆိုင်ရာ အချက်အလက်နဲ့ လမ်းညွှန်ချက်တွေရရှိခြင်း
    ◦ အလုပ်ရှင်က လုပ်ငန်းခွင်တွင်းဖြစ်လာနိုင်တဲ့ အန္တရာယ်တွေ၊ ကာကွယ်တားဆီးရေးနည်းလမ်းတွေနဲ့ အလုပ်ခွင်ဘေးကင်းရေးလုပ်ထုံးလုပ်နည်းတွေအကြောင်း အလုပ်သမားတွေကို ရှင်းရှင်းလင်းလင်း ပြည့်ပြည့်စုံစုံ အသိပေးထားရမယ်။ 
• ဘေးကင်းလုံခြုံရေးသင်တန်းတက်ခွင့် ရယူခြင်း
   ◦ အလုပ်သမားတွေ၊ အထူးသဖြင့် အလုပ်သမားသစ်၊ စက်ယန္တရားနဲ့ အန္တရာယ်ရှိဓါတုပစ္စည်းတွေကို ကိုင်ရတဲ့လူတွေ လုပ်ငန်းခွင်ဘေးကင်းရေးအသိနဲ့ ကျွမ်းကျင်မှုတွေရှိလာဖို့ လုံခြုံရေး၊ အလုပ်ခွင်ကျန်းမာရေးနဲ့ လုပ်ငန်းဝန်းကျင်ဆိုင်ရာသင်တန်းတွေကို မဖြစ်မနေစီစဉ်ပေးရမယ်။
• အန္တရာယ်ရှိတဲ့အလုပ်တွေကို ငြင်းပယ်ပိုင်ခွင့်ရှိခြင်း
  ◦ တာဝန်ပေးတဲ့အလုပ်က ကိုယ်နဲ့အခြားလူတွေရဲ့ ဘဝ၊ ခန္ဓာ၊ စိတ်၊ ကျန်းမာရေးနဲ့ အဲ့ဒီနေရာမှာ မလုံခြုံမှုဖြစ်နိုင်ခြေရှိတယ်လို့ ကျိုးကြောင်းဆီလျော်တဲ့ အကြောင်းပြချက်ရှိတဲ့အခါ အလုပ်ရှင်ကို •  အသိပေးပြီး ငြင်းဆိုပိုင်ခွင့်ရှိတယ်။ အလုပ်သမားတွေကို အလုပ်ထုတ်တာ၊ အပြစ်ပေးတာနဲ့ တခြားရည်ရွယ်ချက်ရှိတဲ့အပြုအမူတွေမလုပ်ရပါဘူး။
• အလုပ်သမားလျော်ကြေးရံပုံငွေက လျော်ကြေးနဲ့ ဆေးကုသစားရိတ် ရပိုင်ခွင့်
• အလုပ်ခွင်ဘေးကင်းကျန်းမာရေးနဲ့ လုပ်ငန်းဝန်းကျင် ဆိုင်ရာကော်မတီ (ခေါပေါအေါ) မှာ ပါဝင်ခွင့်
  ◦  အလုပ်ခွင်မှာ အလုပ်သမား (၅၀) အထက်ရှိရင် ကော်မတီဖွဲ့စည်းရမယ်။ အဲ့အထဲမှာ အလုပ်ရှင်၊ အလုပ်သမားနဲ့ လုပ်ငန်းခွင်ဘေးကင်းလုံခြုံရေးတာဝန်ခံစတဲ့ ကဏ္ဍသုံးခုကကိုယ်စားလှယ်တွေ ပါဝင်ပြီး အလုပ်ခွင်ဘေးကင်းရေးကို တိုးမြင့်စီမံကြဖို့ အဓိကတာဝန်ရှိပါတယ်။ (ကျောပေါ)
• ကျန်းမာရေးစစ်ဆေးမှုခံယူပိုင်ခွင့်
  ◦ အလုပ်ခွင်အန္တရာယ်ရှိနိုင်မှုအပေါ်မူတည်ပြီး အလုပ်သမားများကို ကျန်းမာရေးစစ်ဆေးမှုများ စီစဉ်ပေးရမည်။ အထူးသဖြင့် ဓါတုပစ္စည်း၊ ဖုန်မှုန့်၊ ဆူညံသံ သို့မဟုတ် ဥပဒေအရ သတ်မှတ်ထားသော အခြားအန္တရာယ်ရှိသည့်အချက်များ ပါဝင်သောလုပ်ငန်းများဖြစ်သည်။ ဝန်ကြီးဌာန၏ အဓိပ္ပာယ်ဖွင့်ဆိုချက်အရ ""အန္တရာယ်ရှိသောအလုပ်"" ဟူသည်မှာ -
     ▪ ညွှန်ကြားရေးမှူးချုပ်က သတ်မှတ်ထားသော အန္တရာယ်ရှိသည့် ဓါတုပစ္စည်းများ (ဥပမာ - အော်ဂဲနစ်ပျော်ရည်အုပ်စု၊ ဓါတ်ငွေ့အုပ်စု၊ ဖုန်မှုန့်/မီးခိုးမှုန်/သတ္တုမှုန့်အုပ်စု နှင့် အခြားဓါတုပစ္စည်းအုပ်စုများ)
     ▪ ဗိုင်းရပ်စ်၊ ဘက်တီးရီးယား၊ မှို သို့မဟုတ် အခြားဇီဝပစ္စည်းများကြောင့်ဖြစ်သော အဆိပ်သင့်အဏုဇီဝပိုးမွှားများ
     ▪ ရေဒီယိုသတ္တိကြွမှု
     ▪ အပူ၊ အအေး၊ တုန်ခါမှု၊ လေထုဖိအား၊ အလင်း သို့မဟုတ် အသံ
     ▪ အလုပ်သမားများ၏ ကျန်းမာရေးကို အန္တရာယ်ဖြစ်စေနိုင်သည့် အခြားပတ်ဝန်းကျင်အခြေအနေများ (ဥပမာ - ဂွမ်းမှုန့်၊ သစ်သားမှုန့်၊ မီးလောင်ငွေ့များ)
• ကျန်းမာရေးစစ်ဆေးရန်သတ်မှတ်ချက်
 ◦ ပထမအကြိမ်ဆေးစစ်တာကို အလုပ်စဝင်တဲ့နေ့ကစပြီး ရက်ပေါင်း(၃၀)အတွင်း အပြီးသတ်ဆောင်ရွက်ရမယ်။ 
 ◦ နောက်ဆက်တွဲဆေးစစ်တာကိုတော့ တစ်နှစ်မှာ တစ်ကြိမ်စစ်ဆေးရမယ်။","• သာမန်မဟုတ်တဲ့ ဆူညံသံ၊ အနံ့အသက်၊ ဓာတုဗေဒပစ္စည်း သို့မဟုတ် ဖုန်မှုန့်တွေ ရှိနေတာ။
• သတိပေးဆိုင်းဘုတ်တွေ၊ မီးသတ်ဆေးဘူးလို ဘေးကင်းလုံခြုံရေးပစ္စည်းတွေ မရှိတာ။
• ဘေးကင်းလုံခြုံရေးဆိုင်ရာသင်တန်းတွေ ပုံမှန်မလုပ်ပေးတာ။
• ဘေးကင်းလုံခြုံရေးဦးထုပ်၊ နှာခေါင်းစည်း၊ လက်အိတ်လို တစ်ကိုယ်ရေသုံး အကာအကွယ်ပစ္စည်း (PPE) တွေက အလုပ်နဲ့အံဝင်ခွင်မကျတာ ဒါမှမဟုတ် မလုံလောက်တာ။
• လုပ်ငန်းခွင်ဘေးကင်းရေးအရာရှိမရှိတာ။(ကျောပေါ)","• အန္တရာယ်ရှိတဲ့ လုပ်ငန်းခွင်အခြေအနေတွေကို ဓါတ်ပုံရိုက်ထားပါ၊ အချက်အလက်တွေကို စုထားပါ။
• အလုပ်သမားကာကွယ်ရေးနဲ့ လူမှုဖူလုံရေးဦးစီးဌာန ၁၅၀၆ ကို နာမည်ဝှက်နဲ့တိုင်ချက်ဖွင့်ဖို့ ဖုန်းခေါ်ပြီး ၃ ကိုနှိပ်ပါ။
• အဖြစ်မှန်ပေါ်ပေါက်ရေးနဲ့ တိုင်ချက်ဖွင့်ဖို့အတွက် အလုပ်သမားကာကွယ်ရေးကွန်ရက် ဖောင်ဒေးရှင်း(LPN)ကိုဆက်သွယ်ပါ။",https://www.ratchakitcha.soc.go.th/DATA/PDF/2541/A/008/1.PDF ; https://prt.parliament.go.th/server/api/core/bitstreams/ac34b2e7-c08b-4980-be6d-20c537d3eba5/content,
အလုပ်နဲ့ အကျိုးခံစားခွင့်,အတင်းအကြပ် သို့မဟုတ် အမြတ်ထုတ်ခံရသည့်အခါ,"လူကုန်ကူးမှုတားဆီး နှိမ်နင်းရေးဥပဒေ (အမှတ် ၃) ၊ ထိုင်းနှစ် ၂၅၆၀/ခရစ် ၂၀၁၇ ရဲ့ အဓိကရည်ရွယ်ချက်က လူကုန်ကူးမှုကို တားဆီးကာကွယ်ရေးနဲ့ နှိမ်နင်းရာမှာ ပိုမိုထိရောက်စေဖို့တွက်ဖြစ်ပြီး အောက်ပါအချက်တွေ ပါဝင်ပါတယ် -
• ""မလျော်မကန်နည်းလမ်းသုံးပြီးအကျိုးအမြတ်ရှာဖွေခြင်း"" နဲ့ ""အဓမ္မလုပ်အားပေးခိုင်းစေခြင်း ဒါမှမဟုတ် ဝန်ဆောင်မှုပေးစေခြင်း” စတဲ့ စကားရပ်တွေကို ပိုပြီးရှင်းလင်းကျယ်ပြန့်လာအောင် ပြင်ဆင်ဖြည့်စွက်ထားပါတယ်။ (ပုဒ်မ ၃၊ ၄)
• လူကုန်ကူးမှုဆိုင်ရာပြစ်ဒဏ်တွေ အထူးသဖြင့် ကလေးသူငယ်နဲ့ မသန်စွမ်းသူ သို့မဟုတ် စိတ်ကျန်းမာရေးချို့တဲ့သူတွေအပေါ် ကျူးလွန်တဲ့ အမှုတွေရဲ  ပြစ်ဒဏ်တွေကို ပိုပြီးပြင်းပြင်းထန်ထန် တိုးမြှင့်ထားပါတယ်။  (ပုဒ်မ ၆၊ ၇)
• အသက် (၁၅) အောက် ကလေးသူငယ်တွေကို ရုပ်ပိုင်း၊ စိတ်ပိုင်းဆိုင်ရာ အပြင်းအထန်ထိခိုက်နိုင်တဲ့ အန္တရာယ်ရှိအလုပ် ဒါမှမဟုတ် ဝန်ဆောင်မှုတစ်ခုခုမှာ အသုံးပြုဖို့တွက် ပူးပေါင်းဆောင်ရွက်သူရော လက်ခံသူတွေအတွက်ပါ ပြစ်မှုအသစ်တစ်ခု ထပ်တိုးထားပါတယ်။  (ပုဒ်မ ၈)
• လူကုန်ကူးမှုကြောင့် ဖြစ်ပေါ်လာတဲ့ နစ်နာဆုံးရှုံးမှုတွေအတွက် လျော်ကြေးပေးခြင်းဆိုင်ရာ ပြဋ္ဌာန်းချက်တွေကို ပြင်ဆင်ထားပါတယ်။ (မှတ်ချက်ပါအတိုင်း)
• အနှစ်ချုပ်ဆိုရင် ကလေးသူငယ်တွေနဲ့ ထိခိုက်လွယ်တဲ့အုပ်စုဝင်တွေကို ကာကွယ်ပေးဖို့ အလေးထားပြီး လူကုန်ကူးမှု ကျူးလွန်သူတွေကို ပြင်းပြင်းထန်ထန်အပြစ်ပေးဖို့နဲ့ အကာအကွယ်ပေးဖို့အတွက် မူလဥပဒေကို ပိုအားကောင်းလာအောင် ပြင်ဆင်ထားတာ ဖြစ်ပါတယ်။","• အဓမ္မခိုင်းစေတာ၊ နှောက်ယှက်တာ၊ ခြိမ်းခြောက်တာ၊ အင်အားသုံးဖြေရှင်းတာတွေ မခံစေရ။
• တပါးသူဆန္ဒမပါဘဲ အဓမ္မ အခိုင်းမခံစေရ။ 
• ကိုယ့်အထောက်အထားကိုယ်သိမ်းထားခွင့်ရှိရမယ်။ 
  ◦ အထောက်ထားတွေကိုသိမ်းထားတာက လူကုန်ကူးတဲ့အခါသုံးတဲ့နည်းလမ်းတစ်ခုဖြစ်ပါတယ်။ ကိုယ့်အလုပ်ရှင် ဒါမှမဟုတ် ဘယ်သူပဲဖြစ်ဖြစ် ကိုယ့်ရဲ့ နိုင်ငံကူးလက်မှတ်၊ အလုပ်လုပ်ခွင့်လက်မှတ် စတဲ့ကိုယ်ရေးကိုယ်တာ အထောက်ထားစာရွက်စာတမ်းတွေကို သိမ်းယူထားခွင့် လုံးဝမရှိပါဘူး။
• မျှတတဲ့လခနဲ့ အကြွေးနှောင်ကြိုးမရှိစေရ။
  ◦ တရားဝင်သတ်မှတ်ထားတဲ့ အနိမ့်ဆုံးလုပ်ခလစာထက်မနည်းဘဲ အခကြေးငွေရရှိခွင့်နဲ့ အချိန်ပိုဆင်းခ၊ ပိတ်ရက်လုပ်ခတွေကို အချိန်မှန်မှန်အပြည့်အဝရရှိခွင့်ရှိရမယ်။ အလွန်အကြူးခိုင်းစေတာ၊ မလုံခြုံတဲ့အခြေအနေမှာ ဖိအားပေးအလုပ်မလုပ်ခိုင်းရပါဘူး။ 
• ပိတ်လှောင်ထားတာ ဒါမှမဟုတ် အဆက်သွယ်ဖြတ် မခံစေရ။
  ◦ မိသားစု၊ မိတ်ဆွေ၊ အပြင်ကလူတွေနဲ့ ပြောဆိုဆက်သွယ်ခွင့်ရှိပါတယ်။ အလုပ်ခွင်ပြင်ပနဲ့ ကိုယ့်နေရာထိုင်ခင်းတွေကိုလည်း လွတ်လွတ်လပ်လပ်သွားလာခွင့်ရှိတယ်။ ကိုယ့်အသွားအလာကို ကန့်သတ်ထားတာ၊ ပိတ်လှောင်ထားတာ၊ ဖမ်းဆီးထားတာတွေလုပ်လို့မရပါဘူး။
• ပြင်ပအကူညီတောင်းခံခွင့်ရှိရမယ်။
  ◦ တကယ်လို့ ကိုယ့်ကိုယ်ကို ဒါမှမဟုတ် တခြားလူတစ်ယောက်ယောက် လူကုန်ကူးခံနေရပြီလို့သံသယရှိရင် ကိုယ့်မှာအထောက်ထားမရှိတာ၊ တရားမဝင်ရောက်လာလို့ အပြစ်ပေးခံရမှာ၊ ပြန်ပို့ခံရမှာမကြောက်နေဘဲ သက်ဆိုင်ရာကိုချက်ချင်းအကြောင်းကြားခွင့်ရှိပါတယ်။","• အလုပ်ရှင်က ကိုယ့်ရဲ့အထောက်အထားတွေကိုသိမ်းထားမှု (အထောက်ထားသက်တမ်းတိုးကာလမှ ခဏသိမ်းထားတာကလွဲရင်)
• လစာမရတာ၊ လုပ်ခသတ်မှတ်ထားတာထက်နည်းတာ ဒါမှမဟုတ် ပုံမှန်ထက်အများကြီးနောက်ကျပြီးမှရတာ
• ကိုယ့်အနေနဲ့ အချိန်ပို ၈ နာရီအထက် ဒါမှမဟုတ် ပိတ်ရက်မရှိအတင်းအကျပ်ခိုင်းစေခံရတာ
• အလုပ်ခွင်ထဲမှာ ကိုယ်ထိလက်ရောက်ကျူးလွန်ခံရတာ သို့မဟုတ် အကြမ်းဖက်ခံရတာ
• အလုပ်ခွင်ကိုအပြင်ကသော့ခတ်ထားတာ
• လစာကိုအလွန်ကျွံအကြောင်းပြဖြတ်တောက်ခံရလို့ အကြွေးပိလာတာ
• အပြင်လူတွေနဲ့ဆက်သွယ်ခွင့်ကန့်သတ်ထားတာ","•အောက်ပါကနဦးသက်သေအထောက်ထားတွေကို စုဆောင်းပါ 
  ◦ ကုမ္ပဏီနာမည်ပါတဲ့ လစာဖြတ်ပိုင်းတွေ (ဓါတ်ပုံလိုနိုင်ပါတယ်)
  ◦ ကျူးလွန်သူရဲ့ မျက်နှာဓါတ်ပုံနဲ့ နာမည်
  ◦ ခြိမ်းခြောက်တာ၊ အတင်းဖိအားပေးတာ ဒါမှမဟုတ် တားမြစ်ပိတ်ပင်တဲ့ လက္ခဏာရပ်နဲ့ သင်္ကေတတွေ
  ◦ ဒဏ်ရာအနာရွတ်လိုမျိုး နှိပ်စက်ခံရတဲ့သက်သေအထောက်အထားတွေကိုစုပါ
• အကူအညီတောင်းဖို့ဆက်သွယ်ပါ
  ◦ ဖြစ်ရပ်မှန်ကို စစ်ဆေးပေးဖို့ နဲ့ တိုင်ကြားဖို့အတွက် ◦အလုပ်သမားကာကွယ်ရေးကွန်ရက်(LPN)ဖောင်ဒေးရှင်းကို ဆက်သွယ်ပါ
  ◦ ရဲစခန်းလိုင်း ၁၉၁ ကိုဆက်ပါ
  ◦ လူမှုကူညီရေးစင်တာ ၁၃၀၀ ကိုဆက်ပါ
  ◦ လူကုန်ကူးမှု တားဆီးကာကွယ်ရေးဌာန ၁၁၉၁ ကိုဆက်ပါ
  ◦ အထူးစုံစမ်းစစ်ဆေးရေးဦးစီးဌာန ၀၂-၈၃၁-၉၈၈၈ ကိုဆက်ပါ",https://www.ratchakitcha.soc.go.th/DATA/PDF/2560/A/012/19.PDF,
မိသားစုနဲ့ လူမှုဘဝ,ကလေးရဲ့ပညာရေးနဲ့ ကျောင်း,မသင်မနေရပညာရေးအက်ဥပဒေ ထိုင်းနှစ် ၂၅၄၅(၂၀၀၂) အရ ရွေ့ပြောင်းလုပ်သားတွေရဲ့ သားသမီးတွေအပါဝင် ကလေးတိုင်း ပညာသင်ကြားခွင့်ရှိပါတယ်။ ဒါ့ပြင် အစိုးရအဖွဲ့ဆုံးဖြတ်ချက် ၂၅၄၈ (၂၀၀၅) ဇူလိုင် ၅ အရ နိုင်ငံမရှိ၊ မွေးစာရင်းမရှိ၊ အထောက်အထားမရှိတဲ့ ကလေးတွေလည်း အစိုးရကျောင်းတွေတက်ခွင့်ရှိပါတယ်။,"• ၅နှစ်အထက်ကလေးတွေက အစိုးရကျောင်းတက်လို့ရပါတယ်။ 
• ၁၅နှစ် အခမဲ့ပညာရေးရရှိမှာဖြစ်ပါတယ်။
   ◦ အစိုးရဲ့ ၁၅နှစ်အခမဲ့ပညာရေးမူဝါဒအောက်မှာ ရွေ့ပြောင်းအလုပ်သမားတွေရဲ့ ကလေးသူငယ်တွေပါ ပညာသင်ကြားခွင့်ရရှိပါတယ်။ အဲ့ဒီမူတွေအရ ကျူရှင်ခ၊ ပြဌာန်းစာအုပ်ခ၊ သင်ထောက်ကူပစ္စည်းခ နဲ့ ကျောင်းဝတ်စုံကြေးတွေပါ ကင်းလွတ်ခွင့်ရမှာဖြစ်ပါတယ်။.
• တစ်ဦးချင်းထောက်ပံ့ကြေးခွဲဝေမှု
◦ ရွေ့ပြောင်းလုပ်သားတွေရဲ့ကလေးတွေကို လက်ခံတဲ့ကျောင်းတွေအနေနဲ့ ထိုင်းကလေးငယ်တွေကို ပေးသလိုပဲ တစ်ဦးချင်းထောက်ပံ့ကြေး ရရှိမှာဖြစ်ပါတယ်။","• ကျောင်းဝင်ကြေး
• ကျောင်းတက်ခွင့် အငြင်းခံရခြင်း။","• တကယ်လို့ အရင်တုန်းကကျောင်းမတက်ဖူးရင် ကျောင်းနဲ့ပတ်သက်တဲ့ ပညာရေးနောက်ခံအချက်အလက်နဲ့ ကိုယ်ရေးအချက်အလက်တွေအတွက် အောက်ပါအချက်တွေ တောင်းဆိုနိုင်ပါတယ် - 
  ◦ ၁. မွေးစာရင်းရှိရင် တင်ပြပါ 
  ◦ ၂. မွေးစာရင်းမပြနိုင်ရင် ပြနိုင်တဲ့တခြားစာရွက်စာတမ်းတွေက 
     ▪ မွေးစာရင်းထောက်ခံစာ 
     ▪ မှတ်ပုံတင်ကတ် 
     ▪ အိမ်ထောင်စုစာရင်းမိတ္တူ 
     ▪ ဒါမှမဟုတ် အဲ့တာတွေနဲ့ဆင်တူပြီး အစိုးရကတရားဝင်ထုတ်ပေးတဲ့ စာရွက်စာတမ်းတွေ
  ◦ ၃. အချက် ၂မှာပြောထားတဲ့စာရွက်စာတမ်းတွေရော မွေးစာရင်းပါနှစ်ခုလုံးမရှိသူတွေအတွက် ပညာရေးဝန်ကြီးဌာနက သို့မဟုတ် အစားထိုးသုံးဖို့ အစိုးရကထုတ်ပေးထားတဲ့ အထောက်အထားတစ်ခုခုကို တင်ပြနိုင်ပါတယ်။
  ◦ ၄. အချက် ၁ နဲ့ ၃ မှာဖော်ပြထားတဲ့ စာရွက်စာတမ်းတွေမရှိခဲ့ရင် ကိုယ့်ရဲ့အုပ်ထိန်းသူ၊ ဆရာ ဒါမှမဟုတ် ပုဂ္ဂလိကအဖွဲ့အစည်းတစ်ခုခုကနေ ကျောင်းကပေးထားတဲ့ပုံစံအတိုင်း ကိုယ့်ရဲ့ ကိုယ်ရေးရာဇဝင်ကို ကူညီရေးထားပေးတဲ့ဟာကို အထောက်အထားအနေနဲ့သုံးနိုင်ပါတယ်။ 
  ◦ ၅. တကယ်လို့ အချက် ၄ကအတိုင်းလည်း ဘယ်သူမှမကူညီပေးနိုင်ရင် ကျောင်းကကိုယ်တိုင် ကိုယ့်ကိုတိုက်ရိုက်မေးတာ၊ အိမ်နီးချင်း၊ အသိကျွမ်း စတဲ့ကိုယ်နဲ့သက်ဆိုင်တဲ့လူတွေကိုမေးပြီး သတ်မှတ်ပုံစံမှာ အချက်လက်တွေဖြည့်ပေးပါလိမ့်မယ်။ အဲ့တာအတွက် အောက်ပါပုံစံကို အသုံးပြုနိုင်ပါတယ်။ 
 https://edudev.in.th/web/wp-content/uploads/2022/05/%E0%B8%9F%E0%B8%AD%E0%B8%A3%E0%B9%8C%E0%B8%A1%E0%B8%9A%E0%B8%B1%E0%B8%99%E0%B8%97%E0%B8%B6%E0%B8%81 %E0%B9%81%E0%B8%88%E0%B9%89%E0%B8%87%E0%B8%9B%E0%B8%A3%E0%B8%B0%E0%B8%A7%E0%B8%B1%E0%B8%95%E0%B8%B4%E0%B8%9A%E0%B8%B8%E0%B8%84%E0%B8%84%E0%B8%A5.pdf`
◦ မှတ်ချက်။ ။ အချက်လက်စာရွက်စာတမ်းမပြည့်စုံသူတွေအတွက် ကျောင်းက စွမ်းနိုင်သမျှကူညီပေးပါလိမ့်မယ်။ လူကိုယ်တိုင်လာပြီး အချက်လက်မှန်တွေကို အတိအကျပေးနိုင်ရင် ရပါပြီ။.
• ကျောင်းအပ်လက်ခံဖို့ အငြင်းခံရရင် - 
  ◦ ကျောင်းကနေ ရှင်းလင်းချက်စာထုတ်ပေးဖို့တောင်းဆိုပါ။ 
  ◦ ဖော်ပြထားတဲ့ အကူညီပေးနိုင်မယ့်အဖွဲ့စည်းတွေကိုဆက်သွယ်ပါ - 
       ▪ ခရိုင်ပညာရေးရုံး 
       ▪ အမျိုးသားလူ့အခွင့်အရေးကော်မရှင် (ဖုန်း - ၀၂-၁၄၁-၃၈၀၀) 
       ▪ အလုပ်သမားကာကွယ်ရေးကွန်ရက်ဖောင်ဒေးရှင်းရုံး (LPN) 
       ▪ လူမှုကူညီရေးစင်တာ (OSCC) (ဖုန်း - ၁၃၀၀)",https://www.srb1.go.th/wp-content/uploads/2024/06/%E0%B8%9E.%E0%B8%A3.%E0%B8%9A.-%E0%B8%81%E0%B8%B2%E0%B8%A3%E0%B8%A8%E0%B8%B6%E0%B8%81%E0%B8%A9%E0%B8%B2%E0%B8%A0%E0%B8%B2%E0%B8%84%E0%B8%9A%E0%B8%B1%E0%B8%87%E0%B8%84%E0%B8%B1%E0%B8%9A-%E0%B8%9E.%E0%B8%A8.-2545.pdf,
မိသားစုနဲ့ လူမှုဘဝ,ကလေးသူငယ်အခွင့်အရေးနဲ့ စောင့်ရှောက်မှု,ကလေးသူငယ်ကာကွယ်ရေးအက်ဥပဒေ ထိုင်းနှစ် ၂၅၄၆ (၂၀၀၃) အရ ကလေးငယ်တိုင်းရဲ့ အခွင့်အရေးနဲ့ ကောင်းကျိုးချမ်းးသာတွေကို အထူးကာကွယ်စောင့်ရှောက်ထားပါတယ်။ ကလေးလုပ်သားနဲ့ပတ်သက်ပြီး အသက်အရွယ်၊ အခြေအနေဆိုင်ရာကိစ္စတွေကို အလုပ်သမားကာကွယ်ရေးဥပဒေ ထိုင်းနှစ် ၂၅၄၁(၁၉၉၈) အောက်မှာရှင်းရှင်းလင်းလင်း ဖော်ပြထားပါတယ်။,"• ညအလုပ်မလုပ်ရ (ည ၁၀၊ မနက် ၆ အတွင်း)
• အနည်းဆုံးလုပ်ခရရှိရမယ်
• အဓမ္မမခိုင်းစေရ
• ရာဇဝတ်မှုတွေမှာ အသုံးမချရ  
• ၁၅နှစ်အောက် ကလေးလုပ်သားမခန့်ရ 
• ၁၈နှစ်အောက်ကလေးတွေကို အချိန်ပိုကြေးပေးမယ်ဆိုရင်တောင် တစ်နေ့ ၈နာရီ တစ်ပတ် ၄၈နာရီထက်ပိုမခိုင်းရ 
• ကလေးတွေကိုခိုင်းခွင့်မရှိတဲ့ အန္တရာယ်ရှိအလုပ်တွေ - 
◦ သတ္တုကြို၊ ပုံလောင်း၊ ပုံသွင်း၊ အပြားကြိတ်လုပ်ငန်းတွေ
◦ သတ္တုဖြတ်ဖောက်ပုံဖော်လုပ်ငန်း
◦ အပူ၊အအေး၊ အတုန်အခါ၊ အဆူအညံ၊ အလင်းစူးစတဲ့ သာမန်ထက်ပိုလွန်းပြီး အန္တရာယ်ဖြစ်နိုင်ခြေများတယ်လို့ ဝန်ကြီးဌာနကသတ်မှတ်ထားတဲ့နေရာတွေ 
◦ ဝန်ကြီးဌာနကသတ်မှတ်ထားတဲ့ အန္တရာယ်ရှိဓါတုပစ္စည်းသုံးလုပ်ငန်းခွင်တွေ 
◦ မြေအောက်၊ ရေအောက်၊ ဂူ၊ ဥမင်၊ တောင်တွင်းလှိုင်ခေါင်းပိုင်းလုပ်ငန်းတွေ
◦ ဓါတ်ရောင်ခြည်သင့်လုပ်ငန်းခွင်
◦ စက်ပစ္စည်း ဒါမှမဟုတ် စက်ယန္တရားတွေ မောင်းနှင်၊ ထိန်းချုပ်လုပ်ငန်းတွေ 
◦ အန္တရာယ်များတဲ့ စက်ပစ္စည်း၊ ယန္တရားလုပ်ငန်းခွင်
◦ မြေပြင်ကနေ ၁၀မီတာအထက်ငြမ်းဆင်ထားတဲ့ လုပ်ငန်းတွေ
◦ ပေါက်ကွဲလွယ်၊ မီးလောင်လွယ်တဲ့ပစ္စည်းတွေ ထုတ်လုပ်၊ သယ်ပို့တဲ့အလုပ်တွေ
◦ ဝန်ကြီးဌာနက တားမြစ်ချက်ထုတ်ထားတဲ့တခြားလုပ်ငန်းတွေ (တားမြစ်ထားတဲ့ တခြားလုပ်ငန်းဆိုတာကို ဝန်ကြီးဌာနက သတ်မှတ်ထားတာရှိပါတယ်)
• ကလေးတွေကို တချို့အလုပ်ခွင်တွေမှာ လုပ်ကိုင်ခွင့်တားမြစ်ထားတာတွေက - 
◦ သားသတ်ရုံတွေ
◦ လောင်းကစားရုံတွေ 
◦ ဖျော်ဖြေရေးနေရာ အကခန်းမ၊ ထိုင်းရိုးရာအကခန်းမ ဒါမှမဟုတ် ကျေးလက်အကခန်းမ 
◦ ဈေးဝယ်တွေ ဖောက်သည်တွေကို ဖျော်ဖြေပေးသူတွေ၊ နှိပ်ပေးသူတွေရှိတဲ့၊ အိပ်စက်အနားယူ ဖို့နေရာပေးတဲ့ ဝန်ဆောင်မှုတွေပေးပြီးတော့ အရက်၊ လက်ဖက်ရည်၊ အစားအစာနဲ့ အခြားအဖျော်ယမကာတွေရောင်းတဲ့နေရာတွေ
◦ ဝန်ကြီးဌာနသတ်မှတ်စည်းမျဉ်းပါ အခြားသီးသန့်တင်းကြပ်ထားတဲ့နေရာတွေ
• ကလေးတစ်ယောက်ကိုအလုပ်ခန့်မယ်ဆိုရင် အလုပ်သမားသက်သာချောင်ချိရေးနဲ့ ကာကွယ်ရေး ခရိုင်ရုံးကို ၁၅ရက်အတွင်း မဖြစ်မနေအကြောင်းကြားရမယ်
• ကလေးတွေရဲ့လစာကို ကလေးမိဘကလွဲပြီး ဘယ်သူ့ကိုမှမပေးရ","• ည ၁၀ နာရီနောက်ပိုင်းအလုပ်လုပ်တာ
• မွေးသက္ကရာဇ်ကို အသေချာမေးကြည့်ပါ 
• အလုပ်ချိန် ၈နာရီကျော်အလုပ်လုပ်နေတာ 
• ကလေးနဲ့မသင့်တော်တဲ့ အလုပ်အမျိုးအစားနဲ့ နေရာမှာလုပ်နေတာ 
• အလုပ်ရှင်ကို ကြောက်စိတ် ဒါမှမဟုတ် စိုးရိမ်စိတ်ရှိတဲ့အမူအရာ ရှိ၊ မရှိ လေ့လာစူးစမ်းပါ 
• မိသားစု၊ အုပ်ထိန်းသူနဲ့ ဆက်သွယ်ခွင့်မရှိတာ 
• ဖုန်းသိမ်းခံထားရတာ 
• အလုပ်ခန့်စာချုပ်မရှိတာ 
• ကလေးကအလုပ်လိုလို့လာကူတာလို့ အကြောင်းပြတာ 
• အိမ်ရေးပျက်၊ အဟာရပြတ်၊ ရိုက်နှက်ခံရတဲ့အခြေနေ ရှိ၊ မရှိ လေ့လာပါ 
• ခြိမ်းခြောက်ခံရတာ ရှိ၊ မရှိမေးပါ","• အလုပ်သမားကာကွယ်ရေးကွန်ရက်ဖောင်ဒေးရှင်းရုံး (LPN)
   ◦ ယာယီနေစရာ
   ◦ စကားပြန်အကူအညီ 
   ◦ အစိုးရလုပ်ငန်းတွေနဲ့ ချိတ်ဆက်ပေးတာ 
• လူမှုကူညီရေးစင်တာ ဖုန်း ၁၃၀၀ ကိုဆက်သွယ်ပါ 
   ◦ ယာယီနေစရာ 
   ◦ လူမှုဝန်ထမ်းအကြံပေးတာ 
   ◦ စိတ်ကျန်းမာရေးဆွေးနွေးတာ 
   ◦ ဆေးရုံးကိုလွှဲပေးတာ 
• ဒေသခံရဲစခန်းကိုဆက်သွယ်ပါ 
• အုပ်ထိန်းသူတွေကိုဆက်သွယ်ပါ 
• လူကုန်ကူးမှုပပျောက်ရေးရဲတပ်ဖွဲ့ဖုန်း ၁၁၉၁ ကိုဆက်သွယ်ပါ",https://drive.google.com/file/d/1v8v26RLskxkdh4uiGGTCRs-AjqZgNrG9/view,
မိသားစုနဲ့ လူမှုဘဝ,အိမ်တွင်းရေးပြဿနာ/ အကြမ်းဖက်မှု,အိမ်တွင်းအကြမ်းဖက်မှုကာကွယ်ရေးဥပဒေ ထိုင်းနှစ် ၂၅၅၀ (၂၀၀၇) က အကြမ်းဖက်ခံရတဲ့ ထိုင်းနိုင်ငံသားရော ရွေ့ပြောင်းလုပ်သားတွေကိုပါ အကာကွယ်ရပိုင်ခွင့်ပေးထားပါတယ်။ ရိုက်နှက်တာ၊ ထိုးကြိတ်တာ စတဲ့ ကိုယ်ပိုင်းဆိုင်ရာနှိပ်စက်မှုနဲ့ ဆဲဆို၊ ခြိမ်းခြောက်၊ လွတ်လပ်ခွင့်မပေးတာလို စိတ်ပိုင်းဆိုင်ရာနှိပ်စက်မှုတွေအပြင် လိင်ပိုင်းဆိုင်ရာအကြမ်းဖက်တာ၊ အသုံးငွေမပေးတာ၊ စွန့်ပစ်တာ၊ ဥပဒေမဲ့ပိတ်လှောင်ထားတာတွေလို အိမ်တွင်းအကြမ်းဖက်တဲ့ပုံစံတွေကလည်း ဒီဥပဒေထဲမှာ အကျုံးဝင်ပါတယ်။,"• အကြမ်းဖက်မှုရဲ့သားကောင်အဖြစ်ခံရရင် ချက်ချင်းအကူအညီရယူခွင့်ရှိပါတယ်။
  ◦ တစ်ယောက်ယောက်က အိမ်တွင်းအကြမ်းဖက်မှုကိုသက်သေခံတာ ဒါမှမဟုတ် သတိထားမိလို့ သက်ဆိုင်ရာ(ရဲ၊ အုပ်ချုပ်ရေးအရာရှိ) ကိုတိုင်တော့မယ်ဆိုရင် အကြမ်းဖက်ခံရသူကာယကံရှင်ရဲ့ အထောက်ထားရှိ၊ မရှိကို ထည့်တွက်စရာမလိုဘဲ တိုင်ကြားဖို့ တာဝန်ရှိပါတယ်။ 
• အကြမ်းဖက်ခံရသူအတွက် တရားရုံးက ကာကွယ်မိန့်ထုတ်ပေးဖို့ တောင်းဆိုနိုင်ပါတယ်။
  ◦ ကာယကံရှင်ကိုယ်တိုင်၊ သူတို့ကိုယ်စားလှယ်၊ ဥပဒေဆိုင်ရာကိုယ်စားလှယ် ဒါမှမဟုတ် အရာရှိ၊ တရားလိုရှေ့နေတွေဟာ နောက်ဆက်တွဲအကြမ်းဖက်ခံရမှုတွေကနေကာကွယ်ဖို ယာယီအစီစဉ်အနေနဲ့ တရားရုံးကို “ကာကွယ်မိန့်” ထုတ်ပေးဖို့ အရေးဆိုခွင့်ရှိပါတယ်။ 
ဥပမာအားဖြင့် ယာယီအကာကွယ်မှာပါမယ့်အချက်တွေက - 
• ကျူးလွန်သူကို ခံရသူဆီမချည်းကပ်နိုင်အောင် တားဆီးတာ
• ခံရသူနေတဲ့နေရာကို ကျူးလွန်သူမဝင်လာအောင် တားဆီးတာ
• ကျူးလွန်သူကို သူတို့အိမ်ကနေ ယာယီ‌ထွက်သွားဖို့ အမိန့်ထုတ်တာ
• အကြမ်းဖက်တာ၊ ခြိမ်းခြောက်တာ၊ အနှောက်ယှက်ပေးတာတွေမလုပ်နိုင်အောင် ကာကွယ်တာ 
• ကလေးထောက်ပံ့ကြေး သို့မဟုန် ဆေးစရိတ်တွေပေးဖို့ သတ်မှတ်တာ
• ကိုယ်စိတ်နှစ်ပါးအတွက် ကျန်းမာရေးအထောက့်အပံ့ရရှိတာ 
• အခြေခံလိုအပ်ချက်ဖြစ်တဲ့ အစားအစာ၊ ယာယီနေစရာနဲ့ စိတ်ကျန်းမာရေးကျွမ်းကျင်သူတွေရဲ့ အကူအညီရရှိတာ 
• တရားစွဲပိုင်ခွင့်ရှိတာ 
• ပုဂ္ဂလိကအဖွဲ့အစည်းတွေနဲ့ အစိုးရလုပ်ငန်းတွေဆီက ဝန်ဆောင်မှုတွေကိုရခွင့်ရှိတာ","• ကိုယ့်အနီးနားလူတွေမှာ မိသားစု အကြမ်းဖက်ခံနေရတဲ့လက္ခဏာတွေက - 
  ◦ အညိုမဲစွဲနေတာ၊ ဒဏ်ရာရနေတာ၊ မီးလောင်ရာတွေရှိနေတာမျိုး
  ◦ ဒဏ်ရာကိုဖုံးထားတာ၊ အင်္ကျီရှည်တွေ၊ ပဝါတွေခြုံထားတာမျိုး
  ◦ ခဏခဏနေမကောင်းလို့ခွင့်ယူတာ ဒါမှမဟုတ် အလုပ်ပျက်တာမျိုး 
  ◦ လွယ်လွယ်နဲ့လန့်နေတာ၊ ကြောက်နေတာ၊ ကြောင့်ကြစိတ်များနေတာ၊ စိတ်အေးလက်အေးမရှိတာမျိုး 
  ◦ သူတို့ပိုင်ငွေကို ရဖို့ခက်နေတာမျိုး 
  ◦ ပြဿနာရှိနေတာသိသာနေပေမဲ့ ဘာမှမဖြစ်သလိုငြင်းနေတာမျိုး","• အလုပ်သမားကာကွယ်ရေးကွန်ရက်ဖောင်ဒေးရှင်းရုံး (LPN)
  ◦ ယာယီနေစရာ
  ◦ စကားပြန်အကူအညီ 
  ◦ အစိုးရလုပ်ငန်းတွေနဲ့ ချိတ်ဆက်ပေးတာ 
• လူမှုကူညီရေးစင်တာ ဖုန်း ၁၃၀၀ ကိုဆက်သွယ်ပါ 
  ◦ ယာယီနေစရာ 
  ◦ လူမှုဝန်ထမ်းအကြံပေးတာ 
  ◦ စိတ်ကျန်းမာရေးဆွေးနွေးတာ 
  ◦ ဆေးရုံကိုလွှဲပေးတာ 
• သက်သေအထောက်ထားတွေကို ဘေးကင်းဖို့ဂရုစိုက်ပြီး ရနိုင်သလောက်စုပါ၊ ဓါတ်ပုံရိုက်ပါ၊ စာနဲ့ရေးမှတ်ထားပါ
• အကယ်၍ ကိုယ့်ရှေ့မှာ ရုပ်ပိုင်းဆိုင်ရာနှိပ်စက်တာတွေ့ရင် ရဲစခန်းဖုန်း ၁၉၁ ကိုခေါ်ပြီး ချက်ချင်းအကြောင်းကြားပ",https://jvnc.coj.go.th/pdf/web/viewer.html?file=/th/file/get/file/201809258ce829e8e9ae3327bbe135699682093e220709.PDF,
မိသားစုနဲ့ လူမှုဘဝ,မွေးစာရင်းနဲ့ အရေးကြီးစာရွက်စာတမ်းတွေ,ပြည်သူ့မှတ်ပုံတင်ရေးအက်ဥပဒေ ထိုင်းနှစ် ၂၅၃၄ (၁၉၉၁) နဲ့ နိုင်ငံသားဖြစ်မှုအက်ဥပဒေ ထိုင်းနှစ် ၂၅၀၈ (၁၉၆၅) အရ ထိုင်းနိုင်ငံသားတွေကိုထုတ်ပေးသလို နံပါတ် ၁၃လုံးပါပြီး “ပန်းရောင်ကတ်”လို့လူသိများတဲ့ “ထိုင်းမဟုတ်တဲ့မှတ်ပုံတင်ကတ်”ရရှိမှာဖြစ်ပါတယ်။ ဒါ့အပြင် လူဝင်မှုကြီးကြပ်ရေးအက်ဥပဒေ ပုဒ်မ၁၇ ထိုင်းနှစ် ၂၅၂၂ (၁၉၇၉) အရ ထိုင်းမှာအမြဲနေခွင့်ကိုလည်းလျှောက် ထားနိုင်ပါတယ်။ ဒါက အမေရိကန်နိုင်ငံက “အစိမ်းကတ်” နဲ့ပုံစံဆင်တူပြီးတော့ ထိုင်းနိုင်ငံမှာအမြဲနေထိုင်ခွင့်ကို ရရှိမှာဖြစ်ပါတယ်။,"• မွေးစာရင်းလုပ်ခွင့် 
  ◦ ကလေးမိဘတွေမှာ အထောက်ထားမရှိရင် ဒါမှမဟုတ် အထောက်ထားလျှောက်ထားဆဲကာလ ဖြစ်နေရင်တောင် ထိုင်းနိုင်ငံမှာသူတို့ကလေးမွေးခဲ့ရင် မွေးစာရင်းလုပ်ခွင့်ရှိပါတယ်။ 
• သေစာရင်းလုပ်ခွင့် 
  ◦ သေမှုသေခင်းတွေမှာ ရွေ့ပြောင်းအလုပ်သမားတွေအနေနဲ့ ထောက်ပံ့ကြေး၊ နစ်နာကြေးတွေထုတ်ဖို့အတွက် သေဆုံးကြောင်းအထောက်ထားပြဖို့ ဒေသခံမှတ်ပုံတင်ရုံးတွေမှာ သေစာရင်းထုတ်ခွင့်ရှိပါတယ်။ 
• ထိုင်းနိုင်ငံမှာနေထိုင်ခွင့်
  ◦ ရွေ့ပြောင်းအလုပ်သမားတွေ လက်ရှိကိုယ့်နေရာမှာ ဥပဒေနဲ့အညီနေထိုင်ခွင့် ဒါမှမဟုတ် ယာယီသန်းခေါင်စာရင်း လုပ်ခွင့်ရှိပြီး အဲ့ဒီလက်မှတ်ကို ယာဉ်မောင်းလိုင်စင်လုပ်တာ၊ ဘဏ်အကောင့်ဖွင့်တာ၊ ချေးငွေလျှောက်တာတွေမှာ အထောက်ထားအနေနဲ့သုံးလို့ရပါတယ်။ 
• မိသားစုဘဝတည်ဆောက်ခွင့် 
  ◦ ရွေ့ပြောင်းလုပ်သားချင်းလက်ထပ်ရင်
      ▪ သူတို့မှာ ပိုင်ဆိုင်မှုစီမံခန့်ခွဲ့ခွင့်၊ သားသမီးပျိုးထောင်ခွင့်၊ ကွာရှင့်ခွင့်တွေလိုမျိုး မိသားစုအခွင့်အရေးတွေရှိပါတယ် 
      ▪ ဒါပေမဲ့ သူတို့လက်မထပ်ခင်မှာ မိခင်နိုင်ငံက လူပျို၊ အပျိုဖြစ်ကြောင်းထောက်ခံစာယူထားဖို့ လိုအပ်ပါတယ်။  
  ◦ ထိုင်းနိုင်ငံသားနဲ့လက်ထပ်ရင်
      ▪ ထိုင်းနိုင်ငံမှာမွေးတဲ့ကလေးက မိဘတွေရဲ့ နိုင်ငံသားဖြစ်မှုအပေါ်မူတည်ပြီး ထိုင်းနိုင်ငံသားလျှောက်ခွင့်ရှိပါတယ်။ 
      ▪ ဒါပေမဲ့ လက်မထပ်ခင်မှာ မိခင်နိုင်ငံက လူပျို၊ အပျိုဖြစ်ကြောင်းထောက်ခံစာတောင်းထားဖို့ လိုအပ်ပါတယ်။ 
• ကလေးငယ်ရဲ့ ထိုင်းနိုင်ငံသားဖြစ်ခွင့် 
  ◦ ကလေးငယ်ရဲ့မိဘတွေ ထိုင်းကိုတရားမဝင်ရောက်လာခဲ့ရင်
     ▪ ထိုင်းနိုင်ငံသားဖြစ်ခွင့်မရှိပါဘူး။
     ▪ ဒါပေမဲ့သူတို့မှာ ရွေ့ပြောင်းအလုပ်သမားတွေကိုမှီခိုသူအဖြစ် နံပါတ်၁၃လုံးပါတဲ့ အသိမှတ်ပြုကတ်ပြား ရရှိမှာဖြစ်ပါတယ်။ 
  ◦ ကလေးမိဘတွေက ထိုင်းကို MOU လမ်းကြောင်း ဒါမှမဟုတ် အလုပ်လုပ်ခွင့်လက်မှတ်နဲ့ တရားဝင်ရောက်လာရင်
     ▪ ထိုင်းနိုင်ငံမှာမွေးပြီး မွေးစာရင်းရှိတဲ့ကလေးက ထိုင်းနိုင်ငံသားဖြစ်ခွင့်ရှိပေမဲ့ ထိုင်းနိုင်ငံကဘွဲ့တစ်ခုခုတော့ ရရှိရမယ်ဆိုတဲ့ သတ်မှတ်ချက်ရှိပါတယ်။","• မွေးစာရင်းတိုင်ခွင့်အပယ်ခံရမှု
  ◦ မိဘတွေရဲ့အထောက်ထားမပြည့်စုံတာ ဒါမှမဟုတ် စာရွက်စာတမ်းမရရင် စာရင်းသွင်းလို့မရနိုင်ဘူး လို့ တာဝန်ကျအရာရှိတွေကပြောတာမျိုး။ 
• ငွေအများကြီးတောင်းခံရမှု
  ◦ တကယ်က မွေးစာရင်း၊ သေစာရင်း၊ လက်ထပ်စာရင်း၊ အိမ်ထောင်စုစာရင်း  (Tor.R.13) တွေက အခမဲ့ဖြစ်ပါတယ်။ 
  ◦ အဲ့တာတွေလုပ်ရင် မိတ္တူခ ဘတ် ၂၀ သာသာပဲကျမှာဖြစ်ပြီး တစ်ကြိမ်သွားလုပ်တိုင်း လက်မှတ်ပြေစာတစ်စောင်ထုတ်ယူဖို့လိုအပ်ပါတယ်။
• အလုပ်ရှင်တွေ သို့မဟုတ် ပွဲစားတွေက စာရင်းသွင်းမှတ်ပုံတင်ဖို့ကိုအခက်ခဲဖြစ်စေမှု
  ◦ ရွေ့ပြောင်းအလုပ်သမားတွေရဲ့ကလေးတွေအတွက် မွေးစာရင်းသွင်းဖို့နဲ့ အသက်ငါးနှစ်ပြည့်တဲ့အခါ မှတ်ပုံတင်ကတ်ထုတ်ဖို့ အိမ်ထောင်စုစာရင်းလိုတယ်ဆိုတာ အလုပ်ရှင်တချို့က နားမလည်ပါဘူး။ 
  ◦ အလုပ်ရှင်က ဒီကိစ္စတွေကိုနားမလည်တော့ လိုက်မလုပ်ပေးကြဘူး။ 
• အလုပ်ရှင်နဲ့ ပွဲစားတွေက စာရင်းသွင်းကြေးတောင်းမှု
  ◦ ဥပဒေအရ အလုပ်ရှင်ကကူညီပေးရဖို့တာဝန်ရှိတယ်ပြဌာန်းပေမဲ့လည်း တချို့ဖြစ်ရပ်တွေမှာ ဘတ် ၁,၅၀၀ ကနေ ၁၅,၀၀၀ ထိပေးလိုက်ရတာတွေရှိပါတယ်။ 
• သေစာရင်းသွင်းခွင့်အပယ်ခံရမှု 
  ◦ အရာရှိတွေက ဘာစာရွက်စာတမ်းမှမရှိဘူးလို့အကြောင်းပြပြီး သေစာရင်းသွင်းဖို့ လက်မခံတာမျိုး။ 
• လက်ရှိအိမ်ပိုင်ရှင်က သူ့ရဲ့အိမ်ထောင်စုစာရင်းမှာ ကလေးကိုစာရင်းမထည့်မှု
  ◦ မလိုအပ်ဘူးလို့ပြောပြီး စာရင်းမသွင်းပေးတာမျိုး။","• ဒီကိစ္စတွေနဲ့ပတ်သက်ပြီးအကူညီပေးနေတဲ့ အောက်ပါအဖွဲ့အစည်းတွေကိုဆက်သွယ်ပါ
  ◦ ဗဟိုမှတ်ပုံတင်ရုံး၊ ခရိုင်အုပ်ချုပ်ရေးဦးစီးဌာန 
   ▪ မှတ်ပုံတင်ရေးဆိုင်ရာစီမံဌာန ဖုန်း ၀-၂၇၉၁-၇၀၀၀
   ▪ ပြည်သူ့မှတ်ပုံတင်ဌာနစိတ် ဖုန်း ၀-၂၇၉၁-၇၃၁၂ 
   ▪ အမျိုးသားမှတ်ပုံတင်ကတ်ဌာနစိတ် ဖုန်း ၀-၂၇၉၁-၇၆၁၁ 
   ▪ မှတ်ပုံတင်ရေးနဲ့ မှတ်ပုံတင်ကတ်ပြုလုပ်မှုအားပေးမြှင့်တင်ရေးဌာနစိတ် ဖုန်း ၀-၂၇၉၁-၇၀၃၃
   ▪ နှစ်သိမ့်ဆွေးနွေးပေးရေးနဲ့ ပြဿနာဖြေရှင်းပေးရေးဖုန်းလိုင်း ၁၅၁၈ 
  ◦ Titang အဖွဲ့ 
   ▪ Facebook Page: https://www.facebook.com/profile.php?id=100068235085612
   ▪ ဖုန်း ၀၆၆-၁၄၂-၈၀၆၀ 
• အစိုးရလုပ်ငန်းတွေနဲ့ဆက်သွယ်တဲ့အခါ ကိုယ့်ရဲ့အထောက်အထားတွေသာမက အစိုးရကပေးတဲ့ပြေစာဖြတ်ပိုင်းတွေကိုတောင်မှ သေချာလုံခြုံအောင်သိမ်းထားဖို့လိုပါတယ်။",https://www.ratchakitcha.soc.go.th/DATA/PDF/2534/A/203/97.PDF ; http://www.law.moi.go.th/088.pdf ; https://www.ratchakitcha.soc.go.th/DATA/PDF/2522/A/028/45.PDF ,
မိသားစုနဲ့ လူမှုဘဝ,နေမကောင်းရင် ဘယ်ဆရာဝန်နဲ့ပြလဲ?,"တရားဝင်အလုပ်လုပ်နေတဲ့‌ ရွေ့ပြောင်းလုပ်သားတွေက ထိုင်းနိုင်ငံသားတွေလိုမျိုး ကျန်းမာရေးစရိတ်၊ လျော်ကြေး၊ လူမှုဖူလုံရေးအကျိုးမြတ်တွေရဖို့အတွက် လူမှုဖူလုံရေးအက်ဥပဒေ ထိုင်းနှစ်၂၅၃၃ (၁၉၉၀) နဲ့ လျော်ကြေးအက်ဥပဒေ ထိုင်းနှစ် ၂၅၃၇ (၁၉၉၄) အောက်မှာရှိတဲ့ လူမှုဖူလုံရေးနှင့် လျော်ကြေးရန်ပုံငွေစနစ်ထဲကို စာရင်းသွင်းဖို့လိုပါတယ်။ နိုင်ငံသားစိစစ်တာကိုစောင့်နေသူတွေ၊ ခွင့်ပြုချက်အပြည့်အဝမရသေးသူတွေ ဒါမှမဟုတ် အသက် ၁၅ နှစ်အောက်ကလေးရှိတဲ့သူတွေ စသဖြင့် စနစ်ပြင်က‌အလုပ်သမားတွေအတွက် အမျိုးသားကျန်းမာရေးအာမခံအက်ဥပဒေ ထိုင်းနှစ် ၂၅၄၅ (၂၀၀၂) အောက်မှာရှိပြီး ""ရွေ့ပြောင်းလုပ်သားရွှေရောင်ကတ်"" ကိုအသုံးပြုနိုင်ပါတယ်၊ ဒါကို အလုပ်သမားကိုယ်တိုင် ဒါမှမဟုတ် အလုပ်ရှင်က ဝယ်ပေးရမှာပါ။ လက်ရှိမှာ တစ်နှစ်ကို ပျမ်းမျှကုန်ကျစရိတ် ဘတ်  ၇၀၀ ကနေ ၃၆၀၀ လောက် (အရင်က ၃၆၅ဘတ်) ကျသင့်မှာဖြစ်ပါတယ်။","•  ပုဒ်မ ၃၃ အရ လူမှုဖူလုံရေးအခွင့်အရေးတွေက-
    ◦  အကျိုးခံစားခွင့် ၇ မျိုး ( နေမကောင်းတာ၊ ကိုယ်ဝန်ဆောင်တာ၊ မသန်စွမ်းဖြစ်သွားတာ၊ သေဆုံးတာ၊ ကလေးထောက်ပံ့ကြေး၊ ပင်စင်ထောက်ပံ့ကြေး၊ အလုပ်လက်မဲဖြစ်တာ စတာတွေဖြစ်ပါတယ်)
    ◦ သွားကျန်းမာရေးအတွက် တစ်နှစ်ကို ဘတ် ၉၀၀  
    ◦ နှစ်စဥ် ကျန်းမာရေးစစ်ဆးခွင့် 
• ပြည်သူ့ကျန်းမာရေးဝန်ကြီးဌာနရဲ့ ကျန်းမာရေးအာမခံရန်ပုံငွေ (ကျန်းမာရေးကတ်) အခွင့်အရေးများ
    ◦ ရောဂါရှာဖွေတာနဲ့ ဆေးကုသမှုခံယူတာ
    ◦ မီးဖွားစရိတ်
    ◦ ရောဂါကာကွယ်တာနဲ့ ထိန်းချုပ်တာ: ဥပမာ - ကာကွယ်ဆေးထိုးတာမျိုး
• အရေးပေါ်အခြေအနေအတွက် အသိပေးချက် တကယ်လို့ အရေးပေါ်ကိစ္စဆိုရင် ဘာအာမခံမှမရှိရင်တောင် လူ့အခွင့်အရေးမူတွေအရ ဘယ်ဆေးရုံကမှ ကုသခွင့်ကို ငြင်းလို့မရပါဘူး","• ဆေးရုံက ကုသဖို့ကို ငြင်းဆိုခဲ့ရင်
• ဆေးကုသခွင့်နဲ့ဆိုင်တဲ့ အထောက်အထား စာရွက်စာတမ်းတွေကို အလုပ်ရှင်က သိမ်းထားရင်","• လုပ်သားကာကွယ်ရေးကွန်ရက်ဖောင်ဒေးရှင်း (LPN) ကိုဆက်သွယ်ပါ
• ကိုယ့်ရဲ့လူမှုဖူလုံရေးအခွင့်ရေးတွေကိုစစ်ပါ
  ◦ စစ်ဆေးရာမှာ SSO Connect သို့မဟုတ် SSO Plus+ application ကတစ်ဆင့် ဝင်ရောက် စစ်ဆေးနိုင်ပါတယ်၊ ဝင်တဲ့အခါ application ရဲ့စနစ်က ထိုင်းနိုင်ငံသားကတ်ကို Scan တောင်းနိုင်တဲ့အတွက် နိုင်ငံခြားသားအလုပ်သမားဆိုရင် “Guest” ဆိုတာကို ရွေးပါ
  ◦ အရေးပေါ်ဖုန်းလိုင်း ၁၅၀၆ ကတဆင့်ဆက်သွယ်မယ်ဆိုရင် မြန်မာနဲ့ ကမ္ဘောဒီးယားစကားတတ်တဲ့ တချို့ဝန်ထမ်းတွေရှိနိုင်ပါတယ်
• ပြည်သူ့ကျန်းမာရေးဝန်ကြီးဌာနရန်ပုံငွေက ကိုယ့်ရဲ့ကျန်းမာရေးအာမခံအခွင့်ရေးတွေကိုစစ်ပါ
  ◦ ဝဘ်ဆိုဒ်လိပ်စာ https://fwf.moph.go.th/PublicCIDCheck ကတစ်ဆင့်လည်း ဆက်သွယ်နိုင်ပါတယ်
  ◦ တကယ်လို့ ကိုယ့်မှာအဲ့တာတွေ တစ်ခုခုရှိမနေရင် အစိုးရဆေးရုံးအားလုံးနဲ့ တချို့ပုဂ္ဂလိကဆေးရုံတွေမှာ သွားရောက်စစ်ဆေးနိုင်ပါတယ်",https://www.senate.go.th/assets/portals/122/fileups/146/files/%E0%B8%9E(1).%E0%B8%A3.%E0%B8%9A.%E0%B8%9B%E0%B8%A3%E0%B8%B0%E0%B8%81%E0%B8%B1%E0%B8%99%E0%B8%AA%E0%B8%B1%E0%B8%87%E0%B8%84%E0%B8%A1%20%E0%B8%9E.%E0%B8%A8.%20%E0%B9%92%E0%B9%95%E0%B9%93%E0%B9%93.pdf ; https://www.ratchakitcha.soc.go.th/DATA/PDF/2537/A/028/3.PDF ; https://nih.dmsc.moph.go.th/law/pdf/031.pdf,
