หมวดหมู่,หัวข้อ,กฎหมายที่ให้สิทธิ,กฎหมายที่อ้างอิง,รู้สิทธิตัวเอง,วิธีสังเกตุ,วิธีช่วยตัวเอง,remark
เอกสารและการเดินทาง,การเข้าเมือง,ตาม พ.ร.บ.คนเข้าเมือง พ.ศ. 2522 การเข้า–ออกประเทศไทยของแรงงานต่างด้าวอยู่ภายใต้การควบคุม ต้องมีเอกสารและการอนุญาตที่ถูกต้อง หากฝ่าฝืนจะมีโทษตามกฎหมาย โดยมีสำนักงานตรวจคนเข้าเมือง (ตม.) เป็นหน่วยงานหลักในการบังคับใช้,https://www.ratchakitcha.soc.go.th/DATA/PDF/2522/A/028/45.PDF,"• ขอทราบเหตุผลว่าทำไมถึงถูกห้ามเข้าเมือง
• ยื่นอุทธรณ์ต่อรัฐมนตรีว่าการกระทรวงมหาดไทยภายใน 7 วัน
• เจ้าหน้าที่ต้องปล่อยตัว หากไม่มีคำสั่งอนุมัติการกักตัว
• ถูกกักตัวได้ไม่เกิน 48 ชั่วโมง เว้นแต่มีคำสั่งศาล
• ได้รับการปฏิบัติอย่างมีมาตรฐาน มีที่พัก อาหาร และสิทธิร้องเรียน
• ไม่ถูกข่มขู่หรือถูกละเมิด
• ขอความช่วยเหลือจากสถานทูต ทนายความ หรือองค์กรช่วยเหลือ (NGOs) ได้","• เจ้าหน้าที่เรียกรับผลประโยชน์หรือไม่
• ถูกยึดเอกสารหรือของใช้ส่วนตัวเกินจำเป็น
• ถูกกักเกิน 48 ชั่วโมงโดยไม่มีคำสั่งศาล
• ถูกยึดโทรศัพท์หรืออุปกรณ์สื่อสาร","• ตรวจสอบว่าตนเองเข้าประเทศโดยไม่ผิดกฎหมาย
• เตรียมเบอร์โทรศัพท์สำคัญ เช่น ทนายความ สถานทูต หรือ NGO หากฉุกเฉิน โทรสายด่วน:
    • 191 ตำรวจ
    • 1694 กรมการจัดหางาน
    • 1178 สำนักงานตรวจคนเข้าเมือง
• เก็บเอกสารทุกอย่างไว้เป็นหลักฐาน",
เอกสารและการเดินทาง,ต่อใบอนุญาต,ตาม พ.ร.ก.การบริหารจัดการการทำงานของคนต่างด้าว พ.ศ. 2560 แรงงานต่างด้าวต้องมีใบอนุญาตทำงาน ห้ามทำงานใน 40 อาชีพ และห้ามทำงานนอกเหนือจากที่ได้รับอนุญาต หากฝ่าฝืนมีโทษปรับหรือจำคุก และนายจ้างที่จ้างแรงงานผิดกฎหมายก็มีโทษเช่นกัน,https://www.ratchakitcha.soc.go.th/DATA/PDF/2560/A/065/1.PDF,"• ต่ออายุใบอนุญาตทำงานได้ 2 ปี ที่สำนักงานจัดหางานจังหวัด (ค่าธรรมเนียม 1,800–1,900 บาท)
• ต่อวีซ่าได้ทุก 2 ปี ที่สำนักงานตรวจคนเข้าเมือง (ค่าธรรมเนียม 500 บาท)
• ต้องยื่นต่ออายุ 30–60 วันก่อนหมดอายุ
• ค่าตรวจสุขภาพในไทยประมาณ 500–1,500 บาท
• มีสิทธิได้รับข้อมูลที่ถูกต้องจากนายหน้า/นายจ้าง
• ต้องมีสัญญาจ้างงานเป็นภาษาที่เข้าใจได้
• อย่าหลงเชื่อการสมัครงานออนไลน์ที่ไม่ใช่หน่วยงานรัฐ","• นายหน้าเรียกเก็บค่าธรรมเนียมสูงเกินจริง (ไม่เกิน 1 เท่าของค่าจ้างเดือนแรก)
• ไม่มีสัญญาจ้างเป็นลายลักษณ์อักษร
• สัญญาเป็นภาษาที่อ่านไม่ออก
• เอกสารสำคัญถูกยึดไปโดยนายจ้าง
• นายหน้า/บริษัทไม่มีใบอนุญาตถูกต้อง
• ถูกกดดันให้รีบตัดสินใจ
• ข้อเสนอดีเกินจริง เช่น งานง่าย เงินดี เอกสารน้อย
• การสมัครงานต้องมาจากประกาศของกรมการจัดหางานหรือหน่วยงานรัฐ
• หากไม่มีประกาศจากภาครัฐ ไม่ควรเชื่อนายหน้าหรือโอนเงินก่อน","• เตรียมเอกสารที่ทำเองได้ เช่น หนังสือเดินทาง (Passport)
• ตรวจสอบนายหน้ากับกรมการจัดหางาน โทร. 1506 กด 2
• โทรสายด่วน 191 หากพบสิ่งผิดปกติ
• ขอใบเสร็จจากนายจ้าง/นายหน้าทุกครั้ง
• เก็บสลิปและเอกสารสำคัญทั้งหมด
• ไว้สอบถามค่าใช้จ่ายให้ชัดเจน
• หากมีปัญหา แจ้งหน่วยงานราชการในจังหวัด หรือเจ้าหน้าที่ตำรวจ",
เอกสารและการเดินทาง,ค้ามนุษย์ระหว่างเดินทาง,"ตาม พ.ร.บ.ป้องกันและปราบปรามการค้ามนุษย์ พ.ศ. 2560 (ฉบับที่ 3) กฎหมายระบุว่า ""กฎหมายกำหนดให้การเดินทางและการเคลื่อนย้ายบุคคลเป็นองค์ประกอบสำคัญของความผิดฐานค้ามนุษย์"" นั้น หมายถึง การกระทำที่เป็น ""พามาจากหรือส่งไปยังที่ใด"" ซึ่งเป็นการเคลื่อนย้ายบุคคล ถือเป็น ""การกระทำ"" อย่างหนึ่งในองค์ประกอบความผิดฐานค้ามนุษย์ ตามที่บัญญัติไว้ใน มาตรา 6 ของ พ.ร.บ.ฉบับนี้ ค้ามนุษย์ระหว่างเดินทาง คือ การเคลื่อนย้ายหรือขนส่งบุคคล (พามาจากหรือส่งไปยังที่ใด) โดยใช้วิธีการบังคับ ข่มขู่ หลอกลวง ฯลฯ โดยมีเจตนาเพื่อนำไปแสวงหาประโยชน์โดยมิชอบ",https://www.ratchakitcha.soc.go.th/DATA/PDF/2562/A/045/T_0001.PDF,• ได้เดินทางตามรูปแบบที่ตกลงไว้และเข้าช่องทางที่ตามกฎหมายอย่าง ด่านถาวร ไม่ถูกซ้อนเร้นหรือเข้าช่องทางธรรมชาติ• ค่าเดินทางควรจะเป็นราคาตามตลาด ไม่แพงจนเกินไป ไม่มีการบวกเพิ่มจำนวนมาก• รับรู้ระยะเวลาที่แน่นอน มีความชัดเจนในเส้นทาง• สามารถปฎิเสธการเดินทางที่ไม่ตรงกับตกลงไว้ได้ ,• ออกนอกเส้นทาง ไม่รู้ว่าจุดหมายปลายทางไปที่ไหน • ถูกบอกว่าห้ามสื่อสารพูดคุยระหว่างการเดินทาง • ถูกยึดโทรศัพท์ ถูกยึดเอกสาร มีลักษณะซ่อนเร้น ไม่ใช้ช่องทางข้ามแดนที่เป็นทางการ • ไม่สามารถปฎิเสธการเดินทางได้ • มีการใช้วิธีการต่างๆ เช่น การข่มขู่ การใช้กำลังบังคับ การลักพาตัว การฉ้อฉล หลอกลวง • คนนำพามีอาวุธ• มีการเปลี่ยนวิธีการเดินทางบ่อยครั้ง • มีการให้แอบหรือซ่่อนระหว่างเดินทาง ปิดล็อก ไม่มีอากาศหายใจ• รถไม่มีหรือปกปิดป้ายทะเบียน,• ก่อนเดินทางเตรียมหลักฐานฝากไว้หรือส่งให้ญาติ พ่อแม่ เพื่อใช้ติดตามตัวภายหลัง◦  สำเอกสารหรือถ่ายรูปเอกสารสำคัญ ◦  เส้นทางการเดินทางของตนเอง◦ ศึกษาเส้นทางก่อนเดินทาง ◦ จำทะเบียนรถ◦ จำรูปพรรณสัณฐานของคนที่นำพา เช่น  เพศ วัย รูปร่าง รูปหน้า ทรงผม ตำหนิบนใบหน้าหรือร่างกาย รอยสัก ปาน หรือแผลเป็น • ระหว่างการเดินทาง◦  ถ่ายรูปจุดแวะพัก สถานที่สำคัญที่ผ่าน ส่งให้ครอบครัวเพื่อใช้คิดตาม◦ เก็บพิกัดที่อยู่ • หากพบว่ามีอะไรผิดปกติติดต่อ◦ มูลนิธิเครือข่ายส่งเสริมคุณภาพชีวิตแรงงาน (LPN),
ทำงานและสวัสดิการ,ค่าจ้าง / OT,ตาม พ.ร.บ.คุ้มครองแรงงาน พ.ศ. 2541 ไม่ได้จำกัดสิทธิแรงงานตามสัญชาติ โดยนิยาม “ลูกจ้าง” ในมาตรา 15 ไม่ได้ระบุว่าต้องเป็นคนไทย ดังนั้นแรงงานข้ามชาติที่ทำงานถูกกฎหมายจึงได้รับการคุ้มครองเท่าเทียมกับแรงงานไทยทุกประการ โดยไม่แบ่งแยกเพศหรือเชื้อชาติ,https://www.ratchakitcha.soc.go.th/DATA/PDF/2541/A/008/1.PDF ,"• มีสิทธิได้รับค่าแรงขั้นต่ำ ตามกฎหมายกำหนด แล้วแต่จังหวัดที่สังกัดอยู่
• ได้ค่าล่วงเวลา (OT) 
    ◦ หากทำงานเกินเวลาทำงานปกติ (เกิน 8 ชั่วโมงต่อวัน หรือ 48 ชั่วโมงต่อสัปดาห์) ต้องได้รับค่าล่วงเวลาอย่างน้อย 1.5 เท่าของค่าจ้างต่อชั่วโมง หรือตามอัตราที่กฎหมายกำหนด
• ค่าทำงานในวันหยุด 
    ◦ หากทำงานในวันหยุด (เช่น วันหยุดประจำสัปดาห์, วันหยุดนักขัตฤกษ์) ต้องได้รับค่าตอบแทนเพิ่มขึ้นตามกฎหมาย 
• ค่าชดเชยการเลิกจ้าง 
    ◦ หากถูกเลิกจ้างโดยไม่มีความผิด ต้องได้รับค่าชดเชยตามอัตราที่กฎหมายกำหนด
• ค่าบอกกล่าวล่วงหน้า 
    ◦ หากนายจ้างบอกเลิกจ้างโดยไม่บอกกล่าวล่วงหน้า ต้องจ่ายค่าบอกกล่าวล่วงหน้า ซึ่งกฎหมายตามมาตรา 17 กำหนดไว้ว่าหากครบกำหนดระยะเวลาจ้าง สัญญาจ้างจะสิ้นสุดลงโดยนายจ้างไม่ต้องบอกเลิกจ้าง แต่หากสัญญาจ้างที่ไม่มีกำหนดระยะเวลา หรือหมดระยะเวลาแล้วยังทำงานต่อ นายจ้างต้องบอกเลิกสัญญาจ้างเป็นหนังสือ ล่วงหน้าก่อนอย่างน้อย 1 งวดการจ่ายค่าจ้าง เช่น จ่ายเงินเดือนทุกวันที่ 30-31 ถ้าต้องการเลิกจ้างในเดือนกรกฎาคม 2568 นายจ้างต้องบอกกล่าวการเลิกจ้างเป็นหนังสือ ภายในหรือก่อนวันที่ 30 มิถุนายน 2568","• ไม่มีสลิปเงินเดือน ไม่มีสัญญาจ้าง
• บอกเลิกจ้างไม่บอกล่วงหน้า ไม่มีหนังสือ
• หักเงิน (กรณีไม่ได้ทำผิด) โดยไม่ได้รับการยินยอม เช่น สหกรณ์ออมทรัพย์ กองทุนสำรองเลี้ยงชีพ
• หักเงินค่าที่พักไม่ควรเกิน 10% 
    ◦ ค่าที่พักอาศัยไม่ได้อยู่ในรายการที่นายจ้างหักได้ตามมาตรา 76 แต่มีลักษณะเข้าข่าย “หนี้สินสหกรณ์ออมทรัพย์ หรือสหกรณ์อื่นที่มีลักษณะเดียวกันกับสหกรณ์ออมทรัพย์ หรือหนี้ที่เป็นไปเพื่อสวัสดิการที่เป็นประโยชน์ต่อลูกจ้างฝ่ายเดียว"" และห้ามหักเกินร้อยละ 10 ของค่าจ้าง ","• รวบรวมหลักฐาน เช่น สลิป ใบเสร็จ ประวัติการสนทนา บันทึกการทำงานล่วงเวลา
• แจ้งพนักงานตรวจแรงงาน (ถ้ามี)
• โทร 1506 สายด่วนประกันสังคม",
ทำงานและสวัสดิการ,ประกันสังคม / เงินทดแทน,ตาม พ.ร.บ.ประกันสังคม พ.ศ. 2533 แรงงานข้ามชาติที่ทำงานถูกกฎหมายมีสิทธิเท่าแรงงานไทย ต้องจ่ายเงินสมทบ 5% ของค่าแรง (ไม่เกิน 750 บาท/เดือน) และนายจ้างสมทบในอัตราเดียวกัน นายจ้างต้องขึ้นทะเบียนลูกจ้างภายใน 30 วัน หากไม่ทำมีความผิด และหากแรงงานประสบอันตราย เจ็บป่วย พิการ หรือเสียชีวิตจากการทำงาน จะได้รับสิทธิจากกองทุนเงินทดแทน ตาม พ.ร.บ.เงินทดแทน พ.ศ. 2537 ซึ่งนายจ้างเป็นผู้จ่ายฝ่ายเดียว,https://www.ratchakitcha.soc.go.th/DATA/PDF/2533/A/161/1.PDF ; https://www.ratchakitcha.soc.go.th/DATA/PDF/2537/A/028/3.PDF,"• สิทธิตามประกันสังคม ◦ รับการรักษาพยาบาลฟรี
    ◦ รับเงินค่าคลอดบุตรและเงินสงเคราะห์การหยุดงานเพื่อคลอดบุตร
    ◦ รับเงินทดแทนการขาดรายได้ และค่ารักษาพยาบาลหากทุพพลภาพ
    ◦ รับเงินช่วยเหลือเพื่อการเลี้ยงดูบุตรแรกเกิดถึง 6 ปีบริบูรณ์ (สูงสุด 3 คน)
    ◦ รับเงินบำเหน็จ หรือบำนาญ เมื่อเกษียณอายุ
    ◦ ได้รับเงินทดแทนการขาดรายได้ระหว่างว่างงาน
• สิทธิตามกองทุนเงินทดแทน ◦ ค่ารักษาพยาบาล หากได้รับบาดเจ็บหรือเจ็บป่วยจากการทำงาน
    ◦ ค่าทดแทนการขาดรายได้ กรณีหยุดงานเพราะประสบอันตรายหรือเจ็บป่วยจากการทำงาน
    ◦ ค่าฟื้นฟูสมรรถภาพในการทำงานหากมีความจำเป็นต้องฟื้นฟูร่างกายหรืออาชีพ
    ◦ เงินค่าทำศพและเงินสงเคราะห์ กรณีลูกจ้างเสียชีวิตจากการทำงาน","• นายจ้างปฏิเสธการทำประกันสังคม
• หักประกันสังคมมากกว่า 750 บาท
• หักประกันสังคม ไม่มีใบเสร็จ ไม่อยู่ในสลิปเงินเดือน
• นายจ้างไม่ส่งเงินสมทบกองทุนเงินทดแทน","• ตรวจสอบว่าสิทธิประกันสังคม ◦ ตรวจสอบใบเสร็จ สลิปเงินเดือนว่ามีการหักประกันสังคมหรือไม่ ◦ ผ่านแอปพลิเคชัน SSO Connect หรือ SSO Plus+ ▪ สำหรับแรงงานต่างด้าวที่ใช้แอป SSO Plus+ อาจต้องเข้าใช้งานในโหมด ""ผู้เยี่ยมชม"" เนื่องจากระบบอาจให้สแกนบัตรประชาชนไทย ◦ ผ่านเบอร์โทรไปที่สายด่วน 1506 อาจมีเจ้าหน้าที่บางส่วนที่สามารถให้บริการภาษาต่างประเทศได้ เช่น ภาษาพม่า หรือกัมพูชา • ในกรณีที่ใช้สิทธิประกันสังคมหรือกองทุนเงินทดแทนไม่ได้ ◦ ติดต่อ มูลนิธิเครือข่ายส่งเสริมคุณภาพชีวิตแรงงาน (LPN) เพื่อช่วยตรวจสอบข้อเท็จจริงและดำเนินการร้องเรียน ◦ ติดต่อ สำนักประกันสังคมในพื้นที่ๆ ทำงาน",
ทำงานและสวัสดิการ,ความปลอดภัยในงาน,ตาม พ.ร.บ.คุ้มครองแรงงาน พ.ศ. 2541 และ พ.ร.บ.ความปลอดภัย อาชีวอนามัย และสภาพแวดล้อมในการทำงาน พ.ศ. 2554 นายจ้างมีหน้าที่จัดหาอุปกรณ์และสภาพแวดล้อมการทำงานที่ปลอดภัยและถูกสุขลักษณะให้กับลูกจ้าง,https://www.ratchakitcha.soc.go.th/DATA/PDF/2541/A/008/1.PDF ; https://prt.parliament.go.th/server/api/core/bitstreams/ac34b2e7-c08b-4980-be6d-20c537d3eba5/content,"• อยู่ในสภาพการทำงานที่ปลอดภัย      ◦ นายจ้างมีหน้าที่จัดให้มีสถานที่ทำงาน และสภาพแวดล้อมในการทำงานที่ปลอดภัยและถูกสุขลักษณะ • ได้รับอุปกรณ์คุ้มครองความปลอดภัยส่วนบุคคล (PPE) ฟรี     ◦ นายจ้างต้องจัดหา PPE ที่เหมาะสมกับลักษณะงานและได้มาตรฐานให้แก่ลูกจ้าง เช่น หมวกนิรภัย, แว่นตานิรภัย, ถุงมือ, รองเท้านิรภัย, อุปกรณ์ป้องกันเสียง, หน้ากากป้องกันสารเคมี โดยไม่คิดค่าใช้จ่าย • ได้รับข้อมูลและคำแนะนำเกี่ยวกับอันตรายในการทำงาน      ◦ นายจ้างต้องแจ้งข้อมูลเกี่ยวกับอันตรายที่อาจเกิดขึ้นในที่ทำงาน วิธีการป้องกัน และขั้นตอนการทำงานที่ปลอดภัยให้ลูกจ้างทราบ อย่างครบถ้วนและเข้าใจง่าย • ได้รับการฝึกอบรมด้านความปลอดภัย      ◦ ต้องจัดให้มีการฝึกอบรมด้านความปลอดภัย อาชีวอนามัย และสภาพแวดล้อมในการทำงานให้แก่ลูกจ้าง โดยเฉพาะลูกจ้างใหม่ หรือลูกจ้างที่ต้องทำงานกับเครื่องจักรหรือสารเคมีอันตราย เพื่อให้มีความรู้และทักษะในการทำงานอย่างปลอดภัย • มีสิทธิที่จะปฏิเสธการทำงานที่ไม่ปลอดภัย      ◦ หากลูกจ้างเห็นว่างานที่ได้รับมอบหมายนั้นอาจก่อให้เกิดอันตรายต่อชีวิต ร่างกาย จิตใจ หรือสุขภาพอนามัยของตนเองหรือผู้อื่น โดยมีเหตุอันควรเชื่อว่าไม่ปลอดภัย ลูกจ้างมีสิทธิที่จะแจ้งให้นายจ้างทราบและปฏิเสธการทำงานนั้นได้ ลูกจ้างจะไม่ถูกเลิกจ้าง หรือถูกลงโทษ หรือถูกกระทำการใด ๆ • สิทธิที่จะได้รับค่าตอบแทนและค่ารักษาพยาบาลจากกองทุนเงินทดแทน • มีส่วนร่วมในคณะกรรมการความปลอดภัย อาชีวอนามัย และสภาพแวดล้อมในการทำงาน (คปอ.)     ◦  สถานประกอบกิจการที่มีลูกจ้างตั้งแต่ 50 คนขึ้นไปต้องจัดตั้ง คปอ. มีหน้าที่สำคัญในการบริหารจัดการและส่งเสริมความปลอดภัยในที่ทำงาน ประกอบด้วยตัวแทนจาก 3 ฝ่าย นายจ้าง ลูกจ้าง และเจ้าหน้าที่ความปลอดภัยในการทำงาน (จป.) • สิทธิที่จะได้รับการตรวจสุขภาพ     ◦  ต้องจัดให้มีการตรวจสุขภาพลูกจ้างตามความเสี่ยงของงาน โดยเฉพาะงานที่เกี่ยวข้องกับสารเคมี ฝุ่นละออง เสียงดัง หรือปัจจัยเสี่ยงอื่น ๆ ตามที่กฎหมายกำหนด ""งานเกี่ยวกับปัจจัยเสี่ยง"" ตามกฎกระทรวงนิยามไว้คือ         ▪ สารเคมีอันตราย ตามที่อธิบดีประกาศกำหนด (เช่น กลุ่มตัวทำละลายอินทรีย์, กลุ่มก๊าซ, กลุ่มฝุ่น/ฟูม/ผงโลหะ, กลุ่มสารเคมีอื่น ๆ)         ▪ จุลชีวันเป็นพิษ ที่อาจเป็นเชื้อไวรัส แบคทีเรีย รา หรือสารชีวภาพอื่น         ▪ กัมมันตภาพรังสี         ▪ ความร้อน ความเย็น ความสั่นสะเทือน ความกดดันบรรยากาศ แสง หรือเสียง         ▪ สภาพแวดล้อมอื่น ที่อาจเป็นอันตรายต่อสุขภาพของลูกจ้าง เช่น ฝุ่นฝ้าย ฝุ่นไม้ ไอควันจากการเผาไหม้ • กำหนดให้มีการตรวจสุขภาพ     ◦ การตรวจครั้งแรก ให้เสร็จสิ้นภายใน 30 วัน นับแต่วันที่รับลูกจ้างเข้าทำงาน     ◦ การตรวจครั้งต่อไป อย่างน้อย ปีละหนึ่งครั้ง",• มีเสียงดัง กลิ่น สารเคมี หรือฝุ่นละอองผิดปกติ • ไม่มีป้ายเตือนอันตราย อุปกรณ์ความปลอดภัย อย่างถังดับเพลิง • ไม่มีการจัดอบรมให้ความสม่ำเสมอ • อุปกรณ์ป้องกันหรือ PPE เช่น หมวกนิรภัย หน้ากาก ถุงมือ ไม่มีที่เหมาะสม ไม่เพียงพอ• ไม่มีเจ้าหน้าที่ความปลอดภัยในการทำงาน (จป.),• ถ่ายรูปภาพการทำงานที่ไม่ปลอดภัย รวบรวมข้อมูล• ยื่นคำร้องต่อกรมสวัสดิการและคุ้มครองแรงงาน โทร 1506 กด 3 (สามารถขอไม่เปิดเผยตัวตนได้)• ติดต่อ มูลนิธิเครือข่ายส่งเสริมคุณภาพชีวิตแรงงาน (LPN) เพื่อช่วยตรวจสอบข้อเท็จจริงและดำเนินการร้องเรียน,
ทำงานและสวัสดิการ,ค้ามนุษย์ในที่ทำงาน,"ตาม พ.ร.บ.ป้องกันและปราบปรามการค้ามนุษย์ พ.ศ. 2560 (ฉบับที่ 3) นี้มีวัตถุประสงค์หลักเพื่อ เพิ่มประสิทธิภาพในการป้องกันและปราบปรามการค้ามนุษย์ โดยการ • แก้ไขและเพิ่มเติมความหมาย ของคำว่า ""แสวงหาประโยชน์โดยมิชอบ"" และ ""การบังคับใช้แรงงานหรือบริการ"" ให้ชัดเจนและครอบคลุมยิ่งขึ้น (มาตรา 3, 4)• ปรับปรุงฐานความผิดและบทลงโทษ สำหรับความผิดฐานค้ามนุษย์ โดยเฉพาะอย่างยิ่งกรณีที่กระทำต่อเด็ก ผู้พิการ หรือผู้มีจิตฟั่นเฟือน ให้มีโทษหนักขึ้น (มาตรา 6, 7)• เพิ่มฐานความผิดใหม่ สำหรับผู้ที่จัดหาหรือรับไว้ซึ่ง เด็กอายุไม่เกินสิบห้าปี ให้ทำงานหรือให้บริการที่เป็นอันตรายอย่างร้ายแรงต่อร่างกายหรือจิตใจ (มาตรา 8) • แก้ไขเรื่องการเรียกค่าสินไหมทดแทน อันเนื่องมาจากการกระทำความผิดฐานค้ามนุษย์ (กล่าวถึงในหมายเหตุ) • สรุปคือ เป็นการ เพิ่มความเข้มข้น ของกฎหมายเดิมเพื่อคุ้มครองและลงโทษผู้กระทำผิดฐานค้ามนุษย์อย่างเด็ดขาด โดยเน้นการคุ้มครองเด็กและผู้ที่อยู่ในภาวะเปราะบาง",https://www.ratchakitcha.soc.go.th/DATA/PDF/2560/A/012/19.PDF,• ไม่ถูกบังคับ ข่มขู่ คุกคาม หรือใช้กำลัง • ไม่ถูกบังคับให้ทำงานโดยไม่สมัครใจ  • สามารถเก็บเอกสารไว้กับตัวเอง  ◦ การยึดเอกสารถือเป็นวิธีการหนึ่งของการค้ามนุษย์ นายจ้างหรือใครไม่มีสิทธิยึดหรือเก็บรักษาหนังสือเดินทาง (Passport) ใบอนุญาตทำงาน (Work Permit) หรือเอกสารสำคัญส่วนตัวอื่น ๆ • ได้รับค่าจ้างที่เป็นธรรมและไม่เป็นแรงงานขัดหนี้ ◦ มีสิทธิที่จะได้รับค่าจ้างไม่น้อยกว่าอัตราค่าจ้างขั้นต่ำที่กฎหมายกำหนด และได้รับค่าตอบแทนอื่น ๆ เช่น ค่าล่วงเวลา ค่าทำงานในวันหยุด อย่างครบถ้วนและตรงเวลา ไม่ถูกบังคับให้ทำงานเกินกว่าเหตุ หรือในสภาพที่ไม่ปลอดภัย • ไม่ถูกกักขัง ตัดการสื่อสาร  ◦ ติดต่อสื่อสารกับครอบครัว เพื่อน หรือบุคคลภายนอกได้อย่างอิสระ เดินทางเข้า-ออกสถานที่ทำงานหรือที่พักได้โดยอิสระ ไม่ถูกกักขัง หน่วงเหนี่ยว หรือจำกัดการเคลื่อนไหว • ขอความช่วยเหลือจากภายนอกได้  ◦ หากสงสัยว่าตนเองหรือผู้อื่นกำลังถูกค้ามนุษย์ คุณมีสิทธิที่จะแจ้งขอความช่วยเหลือได้ทันที โดยไม่ต้องกลัวว่าจะถูกลงโทษ หรือถูกผลักดันกลับประเทศ แม้ว่าจะไม่มีเอกสารหรือเข้าเมืองผิดกฎหมายก็ตาม,"• นายจ้างเก็บเอกสารของเราไว้ (ยกเว้นเอกสารอยู่ระหว่างการต่ออายุที่นายจ้างดำเนินการให้)
• ไม่ได้รับค่าจ้าง หรือได้รับต่ำกว่าที่ตกลง หรือได้รับช้าผิดปกติ
• ถูกบังคับทำงานเกิน 8 ชั่วโมงโดยไม่มี OT ไม่มีวันหยุดพักผ่อน
• มีการคุกคามทำร้ายร่างกายในที่ทำงาน
• ที่ทำงานถูกปิดล็อก
• หักค่าเงินต่าง ๆ มากเกินไป จนทำให้เป็นหนี้
• ห้ามติดต่อคนภายนอก",• เก็บรวบรวมหลักฐานเบื้องต้น เช่น     ◦ สลิปเงินเดือน ชื่อบริษัท (อาจะถ่ายรูปไว้)     ◦ รูปถ่ายใบหน้าหรือชื่องของผู้ที่ทำร้ายร่างกาย     ◦ ป้ายหรือสัญลักษณ์ที่ขู่ บังคับ ห้าม    ◦ รวบรวมหลักฐานการถูกทำร้าย เช่นรอยแผล• ติดต่อขอความช่วยเหลือ     ◦ ติดต่อ มูลนิธิเครือข่ายส่งเสริมคุณภาพชีวิตแรงงาน (LPN) เพื่อช่วยตรวจสอบข้อเท็จจริงและดำเนินการร้องเรียน    ◦ โทร 191  ตำรวจ     ◦ โทร 1300 ศูนย์ช่วยเหลือสังคม    ◦ โทร 1191 กองบังคับการปราบปรามการค้ามนุษย์    ◦ โทร 02-831-9888 กรมสอบสวนคดีพิเศษ,
ครอบครัวและชีวิตในชุมชน,การศึกษา,ตาม พ.ร.บ.การศึกษาภาคบังคับ พ.ศ. 2545 เด็กทุกคนมีสิทธิได้รับการศึกษา รวมถึงบุตรของแรงงานข้ามชาติ และตามมติคณะรัฐมนตรีวันที่ 5 กรกฎาคม 2548 เด็กที่ไม่มีสัญชาติ ไม่มีทะเบียนราษฎร หรือไม่มีเอกสาร ก็ยังมีสิทธิ์เข้าเรียนในโรงเรียนของรัฐได้,https://www.srb1.go.th/wp-content/uploads/2024/06/%E0%B8%9E.%E0%B8%A3.%E0%B8%9A.-%E0%B8%81%E0%B8%B2%E0%B8%A3%E0%B8%A8%E0%B8%B6%E0%B8%81%E0%B8%A9%E0%B8%B2%E0%B8%A0%E0%B8%B2%E0%B8%84%E0%B8%9A%E0%B8%B1%E0%B8%87%E0%B8%84%E0%B8%B1%E0%B8%9A-%E0%B8%9E.%E0%B8%A8.-2545.pdf,• อายุ 5 ขวบขึ้นไปเข้าเรียนในโรงเรียนของรัฐ • เรียนฟรี 15 ปี ◦ มีสิทธิได้รับการศึกษาฟรีตามนโยบายเรียนฟรี 15 ปีของรัฐบาล ซึ่งครอบคลุมค่าเล่าเรียน ค่าหนังสือเรียน อุปกรณ์การเรียน เครื่องแบบนักเรียน • รับการจัดสรรเงินอุดหนุนรายหัว      ◦ โรงเรียนที่รับเด็กบุตรแรงงานข้ามชาติเข้าเรียน จะได้รับการจัดสรรเงินอุดหนุนรายหัว เหมือนกับการรับเด็กไทยเข้าเรียน ,"• โรงเรียนเรียกรับเงิน
• โรงเรียนปฏิเสธการสมัครเข้าเรียน",• หากคุณไม่เคยเรียนในโรงเรียนมาก่อน ทางโรงเรียนจะขอหลักฐานเพื่อใช้ยืนยันตัวตนและประวัติการศึกษา โดยขอตามลำดับดังนี้ ◦ 1. ใบเกิด (สูติบัตร) – ถ้ามีให้นำมาแสดง◦ 2. ถ้าไม่มีสูติบัตร ให้ใช้หลักฐานอื่นแทน เช่น     ▪ หนังสือรับรองการเกิด     ▪ บัตรประชาชน     ▪ สำเนาทะเบียนบ้านจากเจ้าบ้าน     ▪ หรือเอกสารที่ทางราชการออกให้ในลักษณะเดียวกัน◦ 3. ถ้าไม่มีทั้งสูติบัตรและเอกสารข้อ 2 ให้ใช้เอกสารที่ทางราชการออกให้ หรือเอกสารที่กระทรวงศึกษาธิการอนุญาตให้ใช้แทนได้◦ 4. ถ้าไม่มีหลักฐานตามข้อ 1–3 ให้ผู้ปกครอง หรือแม่พิมพ์ (ผู้ดูแล) หรือองค์กรเอกชน ช่วยเขียนบันทึกแจ้งประวัติส่วนตัวตามแบบฟอร์มที่โรงเรียนจัดไว้ เพื่อใช้เป็นหลักฐานทางการศึกษา◦  5. ถ้าไม่มีใครสามารถช่วยเขียนบันทึกตามข้อ 4 ได้ ทางโรงเรียนจะสอบถามประวัติของคุณโดยตรง หรือสอบถามผู้ที่เกี่ยวข้อง เช่น เพื่อนบ้าน หรือคนรู้จัก เพื่อจดบันทึกข้อมูลตามแบบฟอร์มที่กำหนดไว้ เพื่อใช้เป็นหลักฐานทางการศึกษา โดยใช้แบบฟอร์มจากที่นี้ https://edudev.in.th/web/wp-content/uploads/2022/05/%E0%B8%9F%E0%B8%AD%E0%B8%A3%E0%B9%8C%E0%B8%A1%E0%B8%9A%E0%B8%B1%E0%B8%99%E0%B8%97%E0%B8%B6%E0%B8%81%E0%B9%81%E0%B8%88%E0%B9%89%E0%B8%87%E0%B8%9B%E0%B8%A3%E0%B8%B0%E0%B8%A7%E0%B8%B1%E0%B8%95%E0%B8%B4%E0%B8%9A%E0%B8%B8%E0%B8%84%E0%B8%84%E0%B8%A5.pdf` ◦  หมายเหตุ: โรงเรียนจะช่วยเหลือและให้ความสะดวกที่สุดสำหรับผู้ที่ไม่มีเอกสารครบถ้วน ขอแค่คุณมาแสดงตัวและให้ข้อมูลจริงเท่านั้น• ถ้าโรงเรียนปฏิเสธไม่ให้เข้าเรียน ◦  ขอให้โรงเรียนชี้แจงเหตุผลที่เป็นลายลักษณ์อักษร◦  ติดต่อหน่วยงานที่ช่วยเหลือ ▪ สำนักงานศึกษาธิการจังหวัด ▪ สำนักงานคณะกรรมการสิทธิมนุษยชนแห่งชาติ โทร 02-141-3800 ▪ มูลนิธิเครือข่ายส่งเสริมคุณภาพชีวิตแรงงาน (LPN) ▪ โทร 1300 ศูนย์ช่วยเหลือสังคม (OSCC),
ครอบครัวและชีวิตในชุมชน,คุ้มครองเด็ก,"ตาม พ.ร.บ.คุ้มครองเด็ก พ.ศ. 2546 เด็กทุกคนได้รับการคุ้มครองสิทธิและสวัสดิการอย่างกว้างขวาง ส่วนเรื่องการทำงานของเด็กจะอยู่ภายใต้ พ.ร.บ.คุ้มครองแรงงาน พ.ศ. 2541 ซึ่งกำหนดอายุและเงื่อนไขการทำงานของเด็กอย่างชัดเจน
",https://drive.google.com/file/d/1v8v26RLskxkdh4uiGGTCRs-AjqZgNrG9/view,"• ไม่ให้ทำงานกลางคืน (22.00 – 06.00 น.)
• ได้รับค่าจ้างขั้นต่ำ
• ไม่ถูกบังคับใช้แรงงาน
• ไม่ถูกใช้เป็นเครื่องมือในการกระทำความผิด
• ห้ามจ้างเด็กอายุต่ำกว่า 15 ปีบริบูรณ์
• เด็กอายุต่ำกว่า 18 ปีบริบูรณ์ ห้ามทำงานเกิน 8 ชั่วโมงต่อวัน หรือ 48 ชั่วโมงต่อสัปดาห์ แม้จะให้ OT ก็ไม่ได้
• ห้ามทำงานประเภทที่เป็นอันตรายต่อเด็ก:
    ◦ งานหลอม เป่า หล่อ หรือรีดโลหะ
    ◦ งานปั๊มโลหะ
    ◦ งานเกี่ยวกับความร้อน ความเย็น ความสั่นสะเทือน เสียง และแสงที่มีระดับแตกต่างจากปกติอันอาจเป็นอันตราย (ตามที่กำหนดในกฎกระทรวง)
    ◦ งานเกี่ยวกับสารเคมีอันตราย (ตามที่กำหนดในกฎกระทรวง)
    ◦ งานที่ต้องทำใต้ดิน ใต้น้ำ ในถ้ำ ในอุโมงค์ หรือปล่องในภูเขา
    ◦ งานเกี่ยวกับกัมมันตภาพรังสี
    ◦ งานขับเคลื่อนหรือควบคุมเครื่องจักรหรือเครื่องยนต์
    ◦ งานที่เกี่ยวกับเครื่องจักรหรือเครื่องยนต์ที่อาจได้รับอันตราย
    ◦ งานที่ต้องทำบนนั่งร้านที่สูงกว่าพื้นดินสิบเมตรขึ้นไป
    ◦ งานผลิตหรือขนส่งวัตถุระเบิดหรือวัตถุไวไฟ
    ◦ งานอื่นตามที่กำหนดในกฎกระทรวง (มีกฎกระทรวงกำหนดงานต้องห้ามเพิ่มเติม)
• ห้ามเด็กทำงานในสถานประกอบการบางประเภท:
    ◦ โรงฆ่าสัตว์
    ◦ สถานที่เล่นการพนัน
    ◦ สถานเต้นรำ รำวง หรือรองเง็ง
    ◦ สถานที่มีอาหาร สุรา น้ำชา หรือเครื่องดื่มอื่นจำหน่ายและบริการ โดยมีผู้บำเรอสำหรับปรนนิบัติลูกค้า หรือมีที่สำหรับพักผ่อนหลับนอน หรือมีบริการนวดให้แก่ลูกค้า
    ◦ สถานที่อื่นตามที่กำหนดในกฎกระทรวง
• เมื่อจ้างเด็กต้องแจ้งสำนักงานสวัสดิการและคุ้มครองแรงงานจังหวัด ภายใน 15 วัน
• ห้ามจ่ายค่าจ้างของเด็กให้กับคนอื่น ยกเว้นพ่อแม่","• ทำงานหลัง 4 ทุ่ม • ถามวันเดือนปีเกิดให้ชัดเจน • ทำงานมากกว่า 8 ชั่งโมง • ประเภทงาน และสถานที่ไม่เหมาะสม
• ดูว่ามีท่าทีกลัวนายจ้าง หวาดพวา • ติดต่อกับครอบครัวผู้ปกครองไม่ได้ • ถูกยึดโทรศัพท์ • ไม่มีสัญญาจ้าง • อ้างว่าเด็กสมัครใจทำเอง • ดูสภาพร่างกาย เช่น อดนอน อดอาหาร ถูกทุบตี • ถามว่าโดนขมขู่ไหม",• มูลนิธิเครือข่ายส่งเสริมคุณภาพชีวิตแรงงาน (LPN) ◦ ที่พักพิงชั่วคราว◦ ล่ามแปลภาษา ◦ ประสานงานภาครัฐ • โทร 1300 ศูนย์ช่วยเหลือสังคม ◦ ที่พักพิงชั่วคราว◦ มีนักสงคมสงเคราะห์ให้คำปรึกษา◦ มีจิตแพยท์ให้คำปรึกษา◦ ส่งตัวเข้าโรงพยาบาล • ติดต่อสถานีตำรวจในพื้นที่ • ติดต่อผู้ปกครอง  • 1191 ตำรวจปราบปรามการค้ามนุษย์,
ครอบครัวและชีวิตในชุมชน,ความรุนแรงในครอบครัว,"ตาม พ.ร.บ.คุ้มครองผู้ถูกกระทำด้วยความรุนแรงในครอบครัว พ.ศ. 2550 ผู้ที่ถูกทำร้ายไม่ว่าจะเป็นแรงงานไทยหรือแรงงานข้ามชาติก็ได้รับการคุ้มครอง กฎหมายนี้ครอบคลุมทั้งการทำร้ายร่างกาย (เช่น ตี ชกต่อย), การทำร้ายจิตใจ (เช่น ด่า ดูถูก ข่มขู่ ควบคุมไม่ให้อิสระ), รวมถึงความรุนแรงในครอบครัวรูปแบบอื่น เช่น บังคับทางเพศ ไม่ให้เงินใช้ ทอดทิ้ง หรือกักขังโดยไม่ชอบด้วยกฎหมาย",https://jvnc.coj.go.th/pdf/web/viewer.html?file=/th/file/get/file/201809258ce829e8e9ae3327bbe135699682093e220709.PDF,"• เมื่อความรุนแรงเกิดขึ้น เหยื่อมีสิทธิได้รับการช่วยเหลือทันที 
    ◦ ผู้ใดพบเห็นหรือทราบว่ามีการกระทำความรุนแรงในครอบครัว มีหน้าที่ต้องแจ้งต่อพนักงานเจ้าหน้าที่ (ตำรวจ, ฝ่ายปกครอง) โดยไม่คำนึงถึงสัญชาติของผู้ถูกกระทำ
• ขอให้ศาลออกคำสั่งคุ้มครองเหยื่อ 
    ◦ เหยื่อหรือผู้แทน หรือผู้แทนโดยชอบธรรม หรือพนักงานเจ้าหน้าที่/อัยการ มีสิทธิยื่นคำร้องต่อศาลเยาวชนและครอบครัว ให้ออก “คำสั่งคุ้มครอง"" เป็นมาตรการชั่วคราวเพื่อป้องกันการถูกทำร้ายซ้ำตัวอย่างมาตรการคุ้มครอง:
• ห้ามผู้กระทำความรุนแรงเข้าใกล้ผู้ถูกกระทำ
• ห้ามผู้กระทำความรุนแรงเข้าไปในที่พักอาศัยของผู้ถูกกระทำ
• สั่งให้ผู้กระทำความรุนแรงออกจากที่พักชั่วคราว
• ห้ามคุกคาม ข่มขู่ หรือทำร้าย
• กำหนดให้จ่ายค่าอุปการะเลี้ยงดู หรือค่ารักษาพยาบาล
• ได้รับการเยียวยาร่างกายและจิตใจ 
• ได้รับการสนับสนุนด้านปัจจัยพื้นฐาน เช่น อาหาร ที่พักพิงชั่วคราว ผู้เชี่ยวชาญด้านจิตวิทยา
• สิทธิที่จะดำเนินคดี
• สิทธิในการเข้าถึงบริการจากหน่วยงานรัฐและองค์กรเอกชน","• ข้อสังเหตุคนรอบข้างที่ถูกกระทำความรุนแรงในครอบครัว ◦ รอยฟกช้ำ แผล รอยไหม้
    ◦ พยายามปกปิดบาดแผล ใส่เสื้อคอเต่า หรือผ้าคลุม
    ◦ การขอลาป่วยหรือขาดงานบ่อยผิดปกติ
    ◦ สะดุ้งง่าย ตกใจง่าย หวาดระแวง ไม่ผ่อนคลาย
    ◦ ไม่สามารถเข้าถึงเงินของตัวเองได้
    ◦ ปฏิเสธว่าไม่มีปัญหาอะไร แม้จะเห็นได้ชัดว่ามี",• มูลนิธิเครือข่ายส่งเสริมคุณภาพชีวิตแรงงาน (LPN) ◦ ที่พักพิงชั่วคราว◦ ล่ามแปลภาษา ◦ ประสานงานภาครัฐ • โทรสายด่วน 1300 (ศูนย์ช่วยเหลือสังคม) ◦ ที่พักพิงชั่วคราว◦ มีนักสงคมสงเคราะห์ให้คำปรึกษา◦ มีจิตแพยท์ให้คำปรึกษา◦ ส่งตัวเข้าโรงพยาบาล • รวบรวมหลักฐาน (เท่าที่ทำได้และปลอดภัย) ถ่ายรูป บันทึกข้อความ • เห็นการทำร้ายร่างกายต่อหน้า โทร 191 แจ้งตำรวจได้ทันที ,
ครอบครัวและชีวิตในชุมชน,ทะเบียน / สถานะบุคคล,"ตาม พ.ร.บ.การทะเบียนราษฎร พ.ศ. 2534 และ พ.ร.บ.สัญชาติ พ.ศ. 2508 แรงงานข้ามชาติที่ทำงานถูกกฎหมายจะได้รับ “บัตรประจำตัวคนซึ่งไม่มีสัญชาติไทย” หรือที่เรียกว่า บัตรชมพู โดยมีเลขประจำตัว 13 หลักเช่นเดียวกับบัตรประชาชนของคนไทย
",https://www.ratchakitcha.soc.go.th/DATA/PDF/2534/A/203/97.PDF ; http://www.law.moi.go.th/088.pdf,"• แจ้งเกิด: เด็กทุกคนที่เกิดในไทย → ได้สูติบัตร ไม่ว่าสัญชาติหรือสถานะพ่อแม่ ต้องแจ้งภายใน 15 วัน 
• แจ้งตาย: ต้องแจ้งที่สำนักทะเบียนภายใน 24 ชั่วโมง
• ทะเบียนบ้านชั่วคราว (ท.ร.13): แรงงานข้ามชาติถูกกฎหมาย → นายจ้างสามารถดำเนินการให้ได้
• แต่งงานแรงงานข้ามชาติด้วยกัน: ได้สิทธิครอบครัวตามกฎหมาย เช่น จัดการทรัพย์สิน เลี้ยงดูบุตร หย่าร้าง
•  แต่งงานกับคนไทย: บุตรที่เกิดในไทย → ส่วนใหญ่ได้ สัญชาติไทย (ยกเว้นบางกรณี)
• ลูกพ่อแม่เข้าเมืองผิดกฎหมาย: ไม่ได้สัญชาติไทย แต่ได้เลข 13 หลัก และยื่นขอสัญชาติภายหลังได้✔ ลูกพ่อแม่ถูกกฎหมาย (MOU/มีใบอนุญาต): บุตรเกิดในไทย → ได้ สัญชาติไทยโดยการเกิด","• เรียกเก็บค่าธรรมเนียมสูง
    ◦ การแจ้งเกิด การแจ้งตาย การจดทะเบียนสมรส การขึ้นทะเบียนบ้าน (ท.ร. ๑๓) ฟรี (อาจมีค่าคัดถ่ายสำเนาเล็กน้อย 20-30 บาท)
• นายจ้าง นายหน้า ขัดขวางไม่ให้ขึ้นทะเบียน
• ถูกปฏิเสธไม่ให้แจ้งเกิด
• นายจ้าง นายหน้าเรียกเก็บค่าขึ้นทะเบียน","• เป็นพยานช่วยเพื่อน
• การจดทะเบียนสมรสใช้พยาน การแจ้งเกิด การแจ้งตายไม่ต้องใช้
• ให้ผู้ใหญ่บ้านช่วยรับรอง
    ◦ เช่น เด็กไม่ได้เกิดที่โรงพยาบาล ไม่มีใบรับรองจากแพทย์ สามารถให้ผู้ใหญ่บ้านช่วยรับรองได้ เพื่อนำไปเป็นหลักฐานขอสูติบัตร หรือการสมัครเข้าเรียนแล้วเด็กไม่มีเอกสาร หรือ ขอให้นายจ้างขึ้นทะเบียน ทะเบียนบ้านชั่วคราว (ท.ร. ๑๓) ใช้หนังสือรับรองถิ่นที่อยู่จากผู้ใหญ่บ้านเป็นหลักฐานได้
• เก็บเอกสารต่าง ๆ ไว้อย่างดี
• ช่วยสังเกตว่าใครในที่ทำงานขาดการลงทะเบียนด้านไหน
• มูลนิธิเครือข่ายส่งเสริมคุณภาพชีวิตแรงงาน (LPN)",
ครอบครัวและชีวิตในชุมชน,สิทธิรักษาพยาบาล,"แรงงานข้ามชาติที่ทำงานถูกกฎหมายต้องเข้าระบบประกันสังคมและกองทุนเงินทดแทน ตาม พ.ร.บ.ประกันสังคม พ.ศ. 2533 และ พ.ร.บ.เงินทดแทน พ.ศ. 2537 เพื่อรับสิทธิรักษาพยาบาล เงินชดเชย และสวัสดิการเท่าแรงงานไทย ส่วนแรงงานที่อยู่นอกระบบ เช่น ระหว่างพิสูจน์สัญชาติ ยังไม่ได้รับอนุญาตเต็มที่ หรือบุตรอายุต่ำกว่า 15 ปี สามารถใช้ “บัตรทองแรงงาน” ตาม พ.ร.บ.หลักประกันสุขภาพแห่งชาติ พ.ศ. 2545 โดยแรงงานหรือนายจ้างซื้อให้ ปัจจุบันมีค่าใช้จ่ายปีละประมาณ 700–3,600 บาท (เดิม 365 บาท)",https://www.senate.go.th/assets/portals/122/fileups/146/files/%E0%B8%9E(1).%E0%B8%A3.%E0%B8%9A.%E0%B8%9B%E0%B8%A3%E0%B8%B0%E0%B8%81%E0%B8%B1%E0%B8%99%E0%B8%AA%E0%B8%B1%E0%B8%87%E0%B8%84%E0%B8%A1%20%E0%B8%9E.%E0%B8%A8.%20%E0%B9%92%E0%B9%95%E0%B9%93%E0%B9%93.pdf ; https://www.ratchakitcha.soc.go.th/DATA/PDF/2537/A/028/3.PDF ; https://nih.dmsc.moph.go.th/law/pdf/031.pdf,• มีสิทธิประกันสังคมในมาตรา 33 ◦ ได้รับความคุ้มครอง 7 กรณี◦ สิทธิในการทำทันตกรรม ไม่เกิน 900 บาท/ปี◦ ตรวจสุขภาพประจำปี • มีสิทธิตามกองทุนประกันสุขภาพของกระทรวงสาธารณสุข (บัตรสุขภาพ) ◦ การตรวจวินิจฉัย รักษาพยาบาล ◦ การคลอดบุตร ◦ การป้องกันควบคุมโรค เช่น การฉีดวัคซีน • ถ้าเจ็บป่วยฉุกเฉิน แม้ไม่มีสิทธิ ทุกโรงพยาบาลไม่มีสิทธิปฏิเสธการรักษาตามหลักสิทธิมนุษยชน,• โรงพยาบาลปฏิเสธการรักษา • นายจ้างยึดเอกสารที่เกี่ยวข้องกับสิทธิรักษาพยาบาลไว้,"• ติดต่อ มูลนิธิเครือข่ายส่งเสริมคุณภาพชีวิตแรงงาน (LPN) • ตรวจสอบว่าสิทธิประกันสังคม    ◦ ผ่านแอปพลิเคชัน SSO Connect หรือ SSO Plus+       ▪ สำหรับแรงงานต่างด้าวที่ใช้แอป SSO Plus+ อาจต้องเข้าใช้งานในโหมด ""ผู้เยี่ยมชม"" เนื่องจากระบบอาจให้สแกนบัตรประชาชนไทย     ◦ ผ่านเบอร์โทรไปที่สายด่วน 1506 อาจมีเจ้าหน้าที่บางส่วนที่สามารถให้บริการภาษาต่างประเทศได้ เช่น ภาษาพม่า หรือกัมพูชา • ตรวจสอบว่าสิทธิประกันสุขภาพจากกองทุนกระทรวงสาธารณสุข      ◦ ผ่านเว็บไซต์ https://fwf.moph.go.th/PublicCIDCheck       ◦ หากยังไม่มีซื้อโรงบาลรัฐทุกแห่งและเอกชนบางแห่ง",